,GrLivArea,OverallQual,YearBuilt,YearRemodAdd,TotRmsAbvGrd,FullBath,GarageArea,GarageCars,1stFlrSF,totalFlrSF,SalePrice,KitchenQual,ExterQual,FireplaceQu,GarageFinish
0,1710,7,2003,2003,8,2,548,2,856,3114,208500,3.0,3.0,0.0,2.0
1,1262,6,1976,1976,6,2,460,2,1262,2984,181500,2.0,2.0,3.0,2.0
2,1786,7,2001,2002,6,2,608,2,920,3314,223500,3.0,3.0,3.0,2.0
3,1717,7,1915,1970,7,1,642,3,961,3115,140000,3.0,2.0,4.0,1.0
4,2198,8,2000,2000,9,2,836,3,1145,4179,250000,3.0,3.0,3.0,2.0
5,1362,5,1993,1995,5,1,480,2,796,2638,143000,2.0,2.0,0.0,1.0
6,1694,8,2004,2005,7,2,636,2,1694,4016,307000,3.0,3.0,4.0,2.0
7,2090,7,1973,1973,7,2,484,2,1107,3681,200000,2.0,2.0,3.0,2.0
8,1774,7,1931,1950,8,2,468,2,1022,3194,129900,2.0,2.0,3.0,1.0
9,1077,5,1939,1950,5,1,205,1,1077,2273,118000,2.0,2.0,3.0,2.0
10,1040,5,1965,1965,5,1,384,1,1040,2464,129500,2.0,2.0,0.0,1.0
12,912,5,1962,1962,4,1,352,1,912,2176,144000,2.0,2.0,0.0,1.0
13,1494,7,2006,2007,7,2,840,3,1494,3828,279500,3.0,3.0,4.0,2.0
14,1253,6,1960,1960,5,1,352,1,1253,2858,157000,2.0,2.0,2.0,2.0
15,854,7,1929,2001,5,1,576,2,854,2262,132000,2.0,2.0,0.0,1.0
16,1004,6,1970,1970,5,1,480,2,1004,2488,149000,2.0,2.0,3.0,3.0
17,1296,4,1967,1967,6,2,516,2,1296,1812,90000,2.0,2.0,0.0,1.0
18,1114,5,2004,2004,6,1,576,2,1114,2804,159000,3.0,2.0,0.0,1.0
19,1339,5,1958,1965,6,1,294,1,1339,2662,139000,2.0,2.0,0.0,1.0
20,2376,8,2005,2006,9,3,853,3,1158,4387,325300,3.0,3.0,4.0,2.0
21,1108,7,1930,1950,6,1,280,1,1108,2025,139400,3.0,2.0,4.0,1.0
22,1795,8,2002,2002,7,2,534,2,1795,4106,230000,3.0,3.0,4.0,2.0
23,1060,5,1976,1976,6,1,572,2,1060,2672,129900,2.0,2.0,3.0,1.0
24,1060,5,1968,2001,6,1,270,1,1060,2390,154000,3.0,2.0,3.0,1.0
25,1600,8,2007,2007,7,2,890,3,1600,4056,256300,3.0,3.0,4.0,2.0
26,900,5,1951,2000,5,1,576,2,900,2376,134800,3.0,2.0,0.0,1.0
27,1704,8,2007,2008,7,2,772,3,1704,4180,306000,3.0,3.0,4.0,2.0
28,1600,5,1957,1997,6,1,319,1,1600,3403,207500,2.0,2.0,4.0,2.0
29,520,4,1927,1950,4,1,240,1,520,1280,68500,1.0,2.0,0.0,1.0
30,1317,4,1920,1950,6,1,250,1,649,2216,40000,2.0,2.0,0.0,1.0
31,1228,5,1966,2006,6,1,271,1,1228,2727,149350,3.0,2.0,0.0,1.0
32,1234,8,2007,2007,7,2,484,2,1234,2952,179900,3.0,3.0,0.0,2.0
33,1700,5,1959,1959,6,1,447,2,1700,3545,165500,3.0,2.0,4.0,2.0
34,1561,9,2005,2005,6,2,556,2,1561,3678,277500,4.0,4.0,4.0,3.0
35,2452,8,2004,2005,9,3,691,3,1132,4260,309000,3.0,3.0,4.0,3.0
36,1097,5,1994,1995,6,1,672,2,1097,2866,145000,2.0,2.0,0.0,1.0
37,1297,5,1954,1990,5,1,498,2,1297,3092,153000,2.0,2.0,3.0,3.0
38,1057,5,1953,2007,5,1,246,1,1057,2360,109000,3.0,2.0,0.0,1.0
39,1152,4,1955,1955,6,2,0,0,1152,1152,82000,1.0,2.0,0.0,0.0
40,1324,6,1965,1965,6,2,440,2,1324,2852,160000,2.0,2.0,3.0,2.0
41,1328,5,1959,1959,5,1,308,1,1328,2986,170000,2.0,2.0,4.0,2.0
42,884,5,1983,1983,5,1,504,2,884,2228,144000,3.0,2.0,0.0,2.0
43,938,5,1975,1980,5,1,308,1,938,2184,130250,2.0,2.0,0.0,1.0
44,1150,5,1959,1959,6,1,300,1,1150,2600,141000,2.0,2.0,0.0,2.0
45,1752,9,2005,2005,6,2,576,2,1752,4080,319900,4.0,4.0,4.0,2.0
46,2149,7,2003,2003,6,1,670,2,1518,4253,239686,3.0,3.0,5.0,2.0
47,1656,8,2006,2006,7,2,826,3,1656,4138,249700,3.0,3.0,0.0,2.0
48,1452,4,1920,2008,8,2,0,0,736,2188,113000,2.0,2.0,0.0,0.0
49,955,5,1966,1966,6,1,386,1,955,2296,127000,2.0,2.0,0.0,1.0
50,1470,6,1997,1997,6,2,388,2,794,2652,177000,2.0,2.0,0.0,3.0
51,1176,6,1934,1950,6,1,528,2,816,2160,114500,2.0,2.0,4.0,1.0
52,816,5,1963,1963,5,1,516,2,816,2148,110000,2.0,1.0,0.0,1.0
53,1842,9,1981,1987,5,0,894,3,1842,4578,385000,3.0,3.0,4.0,3.0
54,1360,5,1955,1955,6,1,572,2,1360,2316,130000,2.0,2.0,3.0,1.0
55,1425,6,1964,1964,7,2,576,2,1425,3426,180500,2.0,2.0,4.0,2.0
56,1739,8,1999,2000,7,2,480,2,983,3189,172500,3.0,3.0,0.0,3.0
57,1720,7,2004,2004,7,2,565,2,860,3145,196500,3.0,3.0,0.0,2.0
58,2945,10,2006,2006,10,3,641,3,1426,4996,438780,3.0,4.0,4.0,3.0
59,780,5,1972,1972,4,1,352,1,780,1912,124900,2.0,2.0,0.0,1.0
60,1158,6,2004,2004,5,1,576,2,1158,2892,158000,3.0,2.0,0.0,1.0
61,1111,5,1920,1996,6,1,288,1,581,1929,101000,1.0,2.0,0.0,1.0
62,1370,8,2006,2006,6,2,484,2,1370,3224,202500,3.0,3.0,4.0,2.0
63,1710,7,1921,1950,9,2,480,2,902,2766,140000,2.0,2.0,0.0,1.0
64,2034,7,1997,1998,8,2,645,2,1057,3736,219500,3.0,2.0,0.0,2.0
65,2473,8,2004,2005,9,2,852,3,1143,4468,317000,3.0,3.0,4.0,2.0
66,2207,7,1970,1989,7,2,576,2,2207,4730,180000,2.0,2.0,4.0,2.0
67,1479,7,2003,2003,7,2,558,2,1479,3490,226000,3.0,3.0,0.0,2.0
68,747,4,1945,1950,4,1,220,1,747,1714,80000,2.0,2.0,0.0,1.0
69,2287,7,1953,1953,7,2,667,2,1304,4258,225000,2.0,3.0,3.0,3.0
70,2223,7,1973,1973,8,2,516,2,2223,4962,244000,2.0,2.0,4.0,3.0
71,845,4,1982,2006,4,1,360,2,845,2050,129500,2.0,2.0,0.0,1.0
72,1718,7,1998,1998,7,2,427,2,885,2977,185000,2.0,2.0,3.0,3.0
73,1086,5,1954,2003,6,1,490,2,1086,2662,144900,2.0,2.0,0.0,1.0
74,1605,3,1915,1950,8,2,379,1,840,2824,107400,2.0,3.0,0.0,1.0
75,988,4,1973,1973,5,1,297,1,526,1747,91000,2.0,2.0,0.0,1.0
76,952,4,1956,1956,4,1,283,1,952,2187,135750,2.0,2.0,0.0,1.0
77,1285,5,1948,2001,6,1,240,1,1072,2197,127000,2.0,2.0,0.0,1.0
78,1768,4,1968,1968,8,2,0,0,1768,3536,136500,2.0,2.0,0.0,0.0
79,1230,5,1910,1981,5,1,440,2,682,2110,110000,2.0,2.0,0.0,1.0
80,2142,6,1968,1968,8,2,509,1,1182,3547,193500,3.0,2.0,4.0,3.0
81,1337,6,1998,1998,5,2,405,2,1337,2979,153500,2.0,2.0,0.0,3.0
82,1563,8,2007,2007,6,2,758,3,1563,3884,245000,3.0,2.0,4.0,2.0
83,1065,5,1960,1960,6,1,461,2,1065,2591,126500,2.0,2.0,0.0,1.0
84,1474,7,1995,1996,7,2,400,2,804,2258,168500,2.0,2.0,3.0,3.0
85,2417,8,1991,1992,9,2,462,2,1301,4167,260000,3.0,3.0,3.0,1.0
86,1560,6,2005,2005,6,2,400,2,684,2644,174000,3.0,3.0,4.0,3.0
87,1224,6,2009,2009,4,2,528,2,612,2364,164500,3.0,3.0,0.0,2.0
88,1526,3,1915,1982,6,1,0,0,1013,2026,85000,1.0,1.0,0.0,0.0
89,990,4,1994,1995,5,1,0,0,990,1980,123600,2.0,2.0,0.0,0.0
90,1040,4,1950,1950,4,1,420,2,1040,1460,109900,2.0,2.0,0.0,1.0
91,1235,5,1961,1961,6,1,480,2,1235,2950,98600,2.0,2.0,0.0,1.0
92,964,5,1921,2006,5,1,432,2,964,2272,163500,2.0,2.0,0.0,1.0
93,2291,6,1910,1998,9,2,506,2,1260,4011,133900,2.0,2.0,4.0,1.0
94,1786,6,1997,1997,7,2,684,2,905,3294,204750,3.0,2.0,0.0,2.0
95,1470,6,1993,1993,6,2,420,2,680,2570,185000,2.0,4.0,3.0,3.0
96,1588,7,1999,1999,6,2,472,2,1588,3648,214000,3.0,3.0,0.0,2.0
97,960,4,1965,1965,6,1,432,1,960,2352,94750,2.0,2.0,0.0,3.0
98,835,5,1920,1950,5,1,366,1,835,1659,83000,2.0,2.0,0.0,1.0
99,1225,4,1959,1959,6,1,0,0,1225,2175,128950,2.0,2.0,0.0,0.0
100,1610,6,1977,2001,6,2,480,2,1610,3700,205000,3.0,2.0,3.0,2.0
101,1732,6,1985,1985,7,2,476,2,977,2949,178000,3.0,3.0,3.0,3.0
102,1535,5,1979,1979,8,2,410,2,1535,1945,118964,2.0,2.0,0.0,1.0
103,1226,7,2009,2009,6,2,740,3,1226,3192,198900,3.0,2.0,0.0,2.0
104,1818,7,1931,1950,7,1,240,1,1226,3098,169500,2.0,2.0,3.0,1.0
105,1992,8,2003,2004,9,2,648,2,1053,3693,250000,3.0,3.0,4.0,2.0
106,1047,4,1885,1995,6,1,273,1,1047,1961,100000,2.0,2.0,0.0,1.0
107,789,5,1948,1950,5,1,250,1,789,1828,115000,2.0,2.0,0.0,1.0
108,1517,5,1919,2005,7,2,0,0,997,2310,115000,1.0,2.0,0.0,0.0
109,1844,6,1977,1977,7,2,546,2,1844,4234,190000,2.0,2.0,3.0,2.0
110,1855,6,1954,1972,7,2,325,1,1216,3174,136900,2.0,2.0,0.0,1.0
111,1430,7,2000,2000,7,2,400,2,774,2214,180000,2.0,2.0,3.0,3.0
112,2696,7,2007,2007,10,2,792,3,1282,4752,383970,4.0,3.0,4.0,3.0
113,2259,6,1953,1953,7,2,450,2,2259,4518,217000,3.0,2.0,4.0,1.0
114,2320,6,1945,2002,9,2,180,1,1436,3528,259500,3.0,2.0,3.0,1.0
115,1458,6,1999,1999,5,2,440,2,729,2627,176000,2.0,2.0,2.0,1.0
116,1092,5,1962,1962,6,1,288,1,1092,2472,139000,2.0,2.0,1.0,1.0
117,1125,5,2006,2007,5,1,430,2,1125,2680,155000,2.0,2.0,0.0,1.0
119,1456,6,2005,2006,8,2,390,2,728,2574,163990,3.0,3.0,4.0,3.0
120,988,6,1969,1969,4,1,540,2,988,2466,180000,2.0,2.0,3.0,1.0
121,1123,4,1939,1950,4,1,264,1,772,2119,100000,2.0,2.0,0.0,1.0
122,1080,6,1958,1958,5,1,288,1,1080,2448,136000,2.0,2.0,0.0,1.0
123,1199,6,1993,1993,5,2,530,2,1199,2928,153900,3.0,3.0,0.0,2.0
124,1586,6,1979,1998,7,2,435,2,1586,3383,181000,2.0,2.0,3.0,1.0
125,754,6,1935,1982,5,1,0,0,520,1040,84500,2.0,2.0,0.0,0.0
126,958,6,1976,1976,5,2,440,2,958,2476,128000,2.0,2.0,3.0,2.0
127,840,5,1930,1950,5,1,0,0,840,1512,87000,2.0,2.0,3.0,0.0
128,1348,6,1966,1966,6,1,453,2,660,2461,155000,2.0,2.0,2.0,2.0
129,1053,5,1958,1991,6,1,750,2,1053,2811,150000,4.0,2.0,0.0,2.0
130,2157,7,1966,1966,8,2,487,2,1216,3568,226000,3.0,2.0,4.0,3.0
131,2054,6,2000,2000,7,2,390,2,1022,3436,244000,3.0,3.0,3.0,2.0
132,1327,5,1959,2002,7,1,624,2,1327,3014,150750,3.0,2.0,0.0,1.0
133,1296,8,2001,2002,6,2,471,2,1296,3034,220000,3.0,3.0,0.0,3.0
134,1721,5,1968,1993,7,2,440,2,1721,3622,180000,2.0,2.0,3.0,2.0
135,1682,7,1970,1970,7,2,530,2,1682,3516,174000,2.0,2.0,4.0,1.0
136,1214,5,1967,1967,5,2,318,1,1214,2746,143000,2.0,2.0,2.0,2.0
137,1959,7,1988,1989,9,3,766,3,1959,4632,171000,2.0,2.0,0.0,1.0
138,1852,8,1999,2000,7,2,660,3,1004,3516,230000,3.0,3.0,3.0,3.0
139,1764,6,1997,1997,7,2,470,2,928,3162,231500,3.0,2.0,0.0,2.0
140,864,4,1971,1971,5,1,0,0,864,1728,115000,2.0,2.0,1.0,0.0
141,1734,7,2005,2005,7,2,660,2,1734,4128,260000,3.0,3.0,0.0,3.0
142,1385,5,1952,1952,6,2,720,2,910,3015,166000,2.0,2.0,0.0,1.0
143,1501,7,1999,1999,6,2,577,2,1501,3568,204000,3.0,3.0,0.0,2.0
144,1728,5,1963,1963,10,2,504,2,1728,3960,125000,2.0,2.0,0.0,1.0
145,1709,6,2004,2006,7,2,380,2,970,3059,130000,3.0,3.0,0.0,1.0
146,875,5,1931,1993,5,1,180,1,875,1770,105000,2.0,2.0,0.0,1.0
147,2035,7,2001,2001,8,2,434,2,884,3353,222500,3.0,3.0,4.0,3.0
148,1080,7,2004,2005,6,1,0,0,1080,2160,141000,3.0,2.0,0.0,0.0
149,1344,5,1936,1950,7,1,240,1,896,2480,115000,2.0,2.0,0.0,1.0
150,969,5,1975,1975,5,1,440,2,969,2378,122000,2.0,2.0,0.0,1.0
151,1710,8,2007,2008,6,2,866,3,1710,4286,372402,3.0,3.0,4.0,2.0
152,1993,6,1971,1971,8,2,495,2,1097,3313,190000,2.0,2.0,4.0,2.0
153,1252,6,1960,1975,4,1,564,2,1252,3418,235000,2.0,2.0,4.0,2.0
154,1200,6,1923,1950,7,1,312,1,1200,2712,125000,2.0,2.0,0.0,1.0
155,1096,6,1924,1950,5,1,0,0,572,1668,79000,2.0,2.0,0.0,0.0
156,1040,5,1950,1950,5,1,625,2,1040,1665,109500,2.0,2.0,0.0,1.0
157,1968,8,2009,2010,8,2,680,3,774,3422,269500,4.0,3.0,4.0,3.0
158,1947,7,2004,2005,8,2,678,2,991,3616,254900,3.0,3.0,4.0,2.0
159,2462,7,2005,2006,9,2,576,2,1392,4430,320000,3.0,3.0,4.0,2.0
160,1232,6,1984,1984,6,2,516,2,1232,2980,162500,2.0,2.0,0.0,1.0
161,2668,9,2003,2004,10,2,726,3,1572,4966,412500,4.0,3.0,4.0,3.0
162,1541,7,2005,2005,7,2,532,2,1541,3614,220000,3.0,3.0,4.0,2.0
163,882,4,1956,1956,4,1,0,0,882,1764,103200,2.0,2.0,0.0,0.0
164,1616,6,1926,2004,5,2,216,1,1149,2981,152000,3.0,2.0,0.0,1.0
165,1355,5,1940,1999,6,2,0,0,808,1999,127500,2.0,2.0,0.0,0.0
166,1867,5,1955,1993,7,1,303,1,1867,3787,190000,2.0,3.0,4.0,3.0
167,2161,8,2007,2007,8,1,789,3,1610,4532,325624,4.0,3.0,4.0,3.0
168,1720,7,2004,2004,7,2,440,2,840,3000,183500,3.0,3.0,4.0,3.0
169,1707,8,1981,1981,6,2,511,2,1707,3904,228000,2.0,3.0,3.0,2.0
170,1382,5,1941,1950,7,1,660,2,854,2234,128500,2.0,2.0,0.0,1.0
171,1656,6,1960,1960,7,1,528,2,1656,3264,215000,2.0,2.0,4.0,3.0
172,1767,7,1987,1987,5,2,504,2,1064,3335,239000,3.0,3.0,3.0,2.0
173,1362,6,1961,1961,6,1,504,2,1362,3228,163000,2.0,2.0,3.0,1.0
174,1651,6,1986,1986,7,2,616,2,1651,3873,184000,2.0,2.0,3.0,3.0
175,2158,6,1950,2001,7,2,576,2,2158,3936,243000,3.0,2.0,4.0,1.0
176,2060,6,1988,1989,8,2,521,2,1164,3732,211000,2.0,3.0,3.0,1.0
177,1920,5,1958,1958,8,2,451,2,1252,3423,172500,3.0,3.0,4.0,1.0
178,2234,9,2008,2009,9,2,1166,3,2234,5616,501837,4.0,4.0,4.0,3.0
179,968,5,1923,2006,5,1,480,2,968,2416,100000,2.0,3.0,0.0,1.0
180,1525,6,2000,2000,5,2,440,2,769,2721,177000,3.0,3.0,3.0,1.0
181,1802,7,1920,1950,9,1,216,1,901,2811,200100,2.0,2.0,4.0,1.0
182,1340,5,1957,2006,7,1,252,1,1340,1592,120000,2.0,2.0,4.0,2.0
183,2082,7,2003,2003,6,2,484,2,1362,3928,200000,3.0,2.0,0.0,1.0
184,1252,5,1908,1991,5,1,576,2,936,2332,127000,2.0,2.0,0.0,1.0
186,1217,7,1990,1991,6,2,497,2,1217,2902,173000,3.0,2.0,0.0,1.0
187,1656,5,1916,1987,8,2,180,1,808,2352,135000,2.0,2.0,0.0,1.0
188,1224,5,1979,1979,6,0,528,2,1224,2838,153337,2.0,2.0,3.0,1.0
189,1593,8,2001,2002,5,1,682,2,1593,3868,286000,4.0,3.0,4.0,3.0
190,2727,8,1932,1994,10,2,440,2,1549,4020,315000,3.0,3.0,3.0,1.0
191,1479,7,1972,2004,7,1,484,2,725,2688,184000,3.0,2.0,0.0,3.0
192,1431,7,1999,1999,6,2,666,2,1431,3528,192000,3.0,3.0,0.0,3.0
193,1709,7,2004,2004,7,2,380,2,970,3059,130000,3.0,3.0,0.0,1.0
194,864,5,1972,1972,5,1,352,1,864,2080,127000,2.0,2.0,0.0,1.0
195,1456,6,1976,1976,7,2,440,2,855,2751,148500,2.0,2.0,3.0,1.0
196,1726,7,2007,2007,8,2,786,3,1726,4238,311872,4.0,4.0,4.0,3.0
198,2229,6,1912,1950,8,1,0,0,929,2613,104000,2.0,2.0,0.0,0.0
199,1713,8,2004,2005,7,2,856,3,1713,4282,274900,4.0,3.0,4.0,3.0
200,1121,4,2003,2004,5,2,440,2,1121,2682,140000,2.0,2.0,0.0,2.0
201,1279,6,1977,1977,6,2,473,2,1279,2948,171500,2.0,2.0,2.0,1.0
202,1310,6,1924,1950,6,2,398,1,865,2325,112000,2.0,2.0,0.0,1.0
203,848,6,2004,2004,3,1,420,2,848,2116,149000,3.0,3.0,4.0,2.0
204,1284,5,1947,1950,5,1,240,1,720,2244,110000,2.0,2.0,0.0,1.0
205,1442,7,1990,1990,5,2,500,2,1442,3366,180500,2.0,2.0,0.0,2.0
206,1696,5,1962,1962,8,1,349,1,1696,3185,143900,2.0,2.0,3.0,2.0
207,1100,4,1960,1960,6,1,312,1,1100,2512,141000,2.0,2.0,1.0,2.0
208,2062,7,1988,1989,7,2,454,2,1180,3673,277000,2.0,3.0,4.0,3.0
209,1092,6,1964,1964,6,1,504,2,1092,2688,145000,2.0,2.0,0.0,2.0
210,864,5,1925,1950,5,1,0,0,864,1728,98000,2.0,2.0,0.0,0.0
211,1212,6,2009,2009,6,2,460,2,1212,2884,186000,3.0,2.0,0.0,2.0
212,1852,7,2009,2009,7,2,644,2,932,3396,252678,3.0,2.0,3.0,2.0
213,990,5,1995,1995,5,1,576,2,990,2556,156000,2.0,2.0,0.0,1.0
214,1392,6,1977,1977,6,1,299,1,689,2380,161750,2.0,2.0,0.0,3.0
215,1236,5,1957,1996,6,1,447,1,1236,2753,134450,3.0,2.0,2.0,1.0
216,1436,7,2004,2004,8,2,484,2,1436,3356,210000,3.0,3.0,0.0,1.0
217,1328,4,1925,1950,8,1,210,1,810,2224,107000,2.0,2.0,0.0,1.0
218,1954,7,1939,2006,8,1,431,2,1137,3183,311500,3.0,3.0,3.0,1.0
219,1248,7,2005,2006,5,2,438,2,1248,2934,167240,3.0,3.0,0.0,3.0
220,1498,7,2006,2006,5,2,675,2,1498,3671,204900,3.0,3.0,0.0,2.0
221,2267,6,2002,2002,8,2,390,2,1010,3667,200000,3.0,3.0,3.0,2.0
222,1552,6,1975,1975,6,2,434,2,811,2699,179900,2.0,2.0,3.0,2.0
223,864,4,1971,1971,4,1,576,2,864,2304,97000,2.0,2.0,0.0,1.0
224,2392,10,2003,2003,8,2,968,3,2392,5752,386250,4.0,4.0,5.0,3.0
225,1302,5,1971,1971,6,2,280,1,630,2212,112000,2.0,2.0,0.0,1.0
226,2520,7,1995,1995,9,2,721,3,1214,4444,290000,3.0,3.0,3.0,2.0
227,987,6,1970,1970,5,1,280,1,483,1750,106000,2.0,2.0,0.0,1.0
228,912,5,1967,1967,5,1,336,1,912,2160,125000,2.0,2.0,2.0,1.0
229,1555,7,2005,2006,7,2,430,2,1555,3358,192500,3.0,3.0,3.0,3.0
230,1194,6,1959,1959,6,1,312,1,1194,2700,148000,2.0,2.0,0.0,2.0
231,2794,8,1995,1996,9,2,810,3,1490,5066,403000,4.0,3.0,3.0,3.0
232,987,6,1972,1972,5,1,288,1,483,1758,94500,2.0,2.0,1.0,1.0
233,894,5,1976,1976,5,1,308,1,894,2096,128200,2.0,2.0,0.0,1.0
234,1960,6,2002,2002,8,2,440,2,860,3260,216500,3.0,3.0,3.0,3.0
235,987,6,1971,1971,5,1,264,1,483,1734,89500,2.0,2.0,0.0,1.0
236,1414,7,2004,2004,6,2,494,2,1414,3322,185500,3.0,3.0,0.0,2.0
237,1744,7,1993,2003,7,2,457,2,1014,3197,194500,3.0,3.0,0.0,2.0
238,1694,8,2007,2007,7,2,818,3,1694,4206,318000,3.0,4.0,0.0,3.0
239,1487,6,1945,1950,7,1,220,1,798,2442,113000,2.0,2.0,4.0,1.0
240,1566,8,2008,2008,7,2,750,2,1566,3882,262500,3.0,3.0,0.0,2.0
241,866,5,1945,1997,4,1,0,0,866,1552,110500,3.0,2.0,0.0,0.0
242,1440,5,1900,1950,6,1,352,1,889,2332,79000,2.0,2.0,0.0,1.0
243,1217,6,1980,1980,6,1,288,1,626,2131,120000,2.0,2.0,3.0,2.0
244,2110,7,1994,2002,8,2,463,2,1222,3521,205000,3.0,3.0,2.0,2.0
245,1872,7,1988,1988,6,2,604,2,1872,4321,241500,2.0,2.0,3.0,3.0
246,1928,6,1910,1950,9,2,440,1,908,3388,137000,1.0,2.0,0.0,1.0
247,1375,6,1954,1954,5,1,451,2,1375,3193,140000,2.0,2.0,3.0,1.0
248,1668,7,2003,2003,8,2,500,2,840,3008,180000,3.0,3.0,0.0,2.0
249,2144,6,1958,2006,7,2,389,2,1444,3977,277000,3.0,3.0,3.0,3.0
250,1306,3,1940,1966,6,1,0,0,1306,2034,76500,1.0,2.0,0.0,0.0
251,1625,8,2006,2007,5,2,538,2,1625,3736,235000,3.0,3.0,4.0,3.0
252,1640,6,2004,2004,6,2,520,2,798,2958,173000,3.0,3.0,0.0,2.0
253,1302,6,1964,1991,7,2,309,1,1302,2913,158000,3.0,2.0,0.0,2.0
254,1314,5,1957,1957,5,1,294,1,1314,2922,145000,2.0,2.0,0.0,2.0
255,2291,7,1999,1999,8,2,429,2,1005,3695,230000,3.0,3.0,3.0,3.0
256,1728,6,2003,2003,7,2,673,2,864,3265,207500,3.0,3.0,0.0,2.0
257,1604,7,2006,2006,8,2,660,2,1604,3868,220000,3.0,3.0,4.0,2.0
258,1792,7,2001,2001,7,2,564,2,963,3319,231500,3.0,3.0,3.0,2.0
259,882,5,1956,1956,4,1,308,1,882,1190,97000,2.0,2.0,0.0,1.0
260,1382,6,1962,1962,6,1,884,2,1382,3628,176000,2.0,2.0,3.0,1.0
261,2574,8,2007,2007,10,2,868,3,1482,4924,276000,4.0,3.0,4.0,3.0
262,1212,6,1977,1995,6,1,492,2,1212,2210,151000,2.0,2.0,3.0,1.0
263,1316,5,1929,2001,6,1,484,2,926,2336,130000,2.0,2.0,0.0,1.0
264,764,5,1925,2004,4,1,504,2,764,1948,73000,2.0,2.0,0.0,1.0
265,1422,6,1981,1981,7,2,576,2,1422,3420,175500,3.0,2.0,3.0,3.0
266,1511,6,1997,1997,8,2,413,2,802,2726,185000,2.0,2.0,3.0,3.0
267,2192,5,1939,1997,8,2,240,1,1052,2732,179500,3.0,2.0,4.0,1.0
268,778,5,1940,1955,4,1,924,1,778,2442,120500,2.0,2.0,4.0,3.0
269,1113,6,1976,1976,6,1,504,1,1113,2760,148000,2.0,2.0,2.0,2.0
270,1939,8,2006,2006,8,2,1053,3,1095,4087,266000,3.0,3.0,4.0,2.0
271,1363,7,1954,2005,5,1,439,2,1363,3187,241500,2.0,2.0,3.0,1.0
272,2270,8,1999,2007,9,2,671,3,1164,4093,290000,3.0,3.0,4.0,3.0
273,1632,6,1958,1988,6,2,338,1,1632,3210,139000,2.0,2.0,4.0,2.0
274,816,5,1982,1982,5,1,264,1,816,1896,124500,2.0,2.0,0.0,1.0
275,1548,7,1925,2007,5,2,672,2,952,3172,205000,4.0,3.0,0.0,1.0
276,1560,7,2003,2003,7,2,573,2,1560,3693,201000,3.0,3.0,0.0,3.0
277,864,4,1951,1951,4,1,400,2,864,2128,141000,2.0,2.0,0.0,1.0
278,2121,9,2006,2007,8,2,732,3,2121,4974,415298,4.0,4.0,5.0,3.0
279,2022,7,1977,1977,8,2,505,2,1156,3687,192000,2.0,2.0,3.0,3.0
280,1982,7,1989,1989,7,2,575,2,1175,3364,228500,3.0,3.0,3.0,3.0
281,1262,6,2006,2006,5,2,572,2,1262,3096,185000,3.0,3.0,0.0,3.0
282,1314,7,2007,2008,6,2,626,2,1314,3254,207500,3.0,3.0,4.0,2.0
283,1468,8,2008,2009,6,2,898,3,1468,3834,244600,3.0,3.0,4.0,3.0
284,1575,6,1992,1992,5,2,529,2,1575,3679,179200,3.0,3.0,0.0,2.0
285,1250,7,2006,2007,5,2,528,2,625,2403,164700,3.0,3.0,0.0,2.0
286,1734,6,1962,1981,7,1,440,2,1085,3086,159000,3.0,2.0,4.0,2.0
287,858,4,1971,1971,5,1,0,0,858,1716,88000,2.0,2.0,0.0,0.0
288,900,5,1967,1967,5,1,280,1,900,2062,122000,2.0,2.0,0.0,1.0
289,1396,6,1915,2003,7,1,384,1,698,2478,153575,2.0,2.0,0.0,1.0
290,1919,8,2006,2006,8,2,685,2,1079,3683,233230,3.0,3.0,4.0,2.0
291,1716,5,1912,2000,9,2,0,0,936,2496,135900,1.0,2.0,0.0,0.0
292,1716,5,1949,2008,8,1,281,1,1148,2765,131000,2.0,2.0,4.0,1.0
293,2263,7,1977,1994,9,2,539,2,1468,3597,235000,3.0,2.0,3.0,3.0
294,1644,6,1953,1953,7,1,418,2,1644,3478,167000,2.0,2.0,4.0,3.0
295,1003,6,1984,1984,6,1,588,2,1003,2594,142500,2.0,2.0,0.0,1.0
296,1558,5,1950,1950,6,1,282,1,910,2750,152000,2.0,2.0,0.0,1.0
297,1950,7,1997,1998,7,2,576,2,975,3501,239000,3.0,3.0,3.0,2.0
298,1743,6,1968,1968,7,1,539,2,1041,2984,175000,2.0,3.0,4.0,1.0
299,1152,6,1950,2004,6,1,300,1,1152,2544,158500,3.0,2.0,4.0,1.0
300,1336,5,1953,1953,5,1,375,1,1336,2876,157000,2.0,2.0,4.0,1.0
301,2452,8,1998,1999,9,2,683,2,1210,4163,267000,3.0,3.0,3.0,3.0
302,1541,7,2001,2002,6,2,843,3,1541,3925,205000,3.0,3.0,3.0,2.0
303,894,5,1972,1972,5,1,552,2,894,2340,149900,2.0,2.0,0.0,1.0
305,2000,8,2004,2005,8,2,888,3,2000,4888,305900,3.0,3.0,0.0,3.0
306,2243,7,1990,1991,8,2,746,3,1122,3689,225000,3.0,3.0,3.0,2.0
307,1406,6,1920,1950,6,1,0,0,1035,1725,89500,1.0,2.0,0.0,0.0
308,861,4,1940,1950,4,1,539,2,861,2261,82500,2.0,2.0,0.0,1.0
309,1944,9,2003,2004,8,2,708,3,1944,4548,360000,4.0,3.0,5.0,3.0
310,1501,6,1993,1994,6,2,420,2,697,2618,165600,3.0,2.0,3.0,3.0
311,972,6,1948,2002,5,1,240,1,972,2184,132000,2.0,2.0,4.0,1.0
312,1118,5,1939,1950,5,1,410,2,793,2321,119900,2.0,2.0,4.0,1.0
313,2036,7,1965,1965,8,2,513,2,2036,4685,375000,2.0,2.0,4.0,2.0
314,1641,7,1925,1990,6,1,546,2,832,2915,178000,4.0,2.0,4.0,1.0
315,1432,7,2004,2005,6,2,432,2,716,2580,188500,3.0,3.0,4.0,3.0
316,2353,7,1980,1980,10,2,484,2,1153,3682,260000,4.0,3.0,3.0,2.0
317,1959,8,2006,2006,8,2,1025,3,1088,4072,270000,3.0,3.0,4.0,2.0
318,2646,7,1993,1993,9,2,656,3,1372,4649,260000,3.0,3.0,3.0,2.0
319,1472,7,1980,1980,6,2,588,2,1472,3432,187500,2.0,2.0,3.0,1.0
320,2596,9,2006,2006,9,3,840,3,1249,4685,342643,3.0,2.0,0.0,2.0
321,2468,8,2004,2004,10,2,872,3,1136,4476,354000,3.0,3.0,4.0,3.0
322,2730,7,1986,1987,8,2,576,2,1553,4808,301000,3.0,3.0,3.0,3.0
323,1163,3,1955,2005,6,1,220,1,1163,2545,126175,2.0,2.0,0.0,1.0
325,803,5,1941,1950,5,1,360,2,803,1883,87000,2.0,2.0,0.0,1.0
326,1719,8,1993,1993,6,1,473,2,1719,3911,324000,3.0,3.0,4.0,3.0
327,1383,6,1960,1960,7,1,292,1,1383,3058,145250,2.0,2.0,0.0,2.0
328,2134,6,1916,1994,10,2,441,2,1445,3419,214500,3.0,2.0,0.0,1.0
329,1192,5,1920,1950,6,1,189,1,596,1977,78000,2.0,2.0,0.0,1.0
330,1728,5,1964,1964,10,2,352,1,1728,3808,119000,2.0,2.0,0.0,1.0
331,1056,5,1958,1992,6,1,308,1,1056,2420,139000,2.0,2.0,0.0,2.0
332,1629,8,2003,2004,7,2,880,3,1629,5715,284000,3.0,3.0,4.0,2.0
333,1358,7,2004,2004,6,2,484,2,1358,3200,207000,3.0,3.0,4.0,2.0
334,1638,6,1998,1998,7,2,472,2,943,3053,192000,2.0,2.0,3.0,3.0
335,1786,5,1965,1965,7,2,529,2,1619,3814,228950,2.0,2.0,4.0,3.0
336,1922,9,2005,2006,8,2,676,3,1922,4520,377426,3.0,3.0,4.0,3.0
337,1536,7,2002,2003,7,2,532,2,1536,3604,214000,3.0,3.0,0.0,2.0
338,1621,7,1984,1998,8,2,440,2,1621,3269,202500,3.0,3.0,0.0,2.0
339,1215,6,1958,1998,6,1,297,1,1215,2727,155000,2.0,2.0,0.0,1.0
340,1908,8,2002,2002,9,2,431,2,993,3306,202900,3.0,3.0,0.0,3.0
341,841,4,1950,1950,4,1,294,1,841,1856,82000,2.0,1.0,0.0,1.0
342,1040,3,1949,1950,6,2,400,2,1040,1440,87500,2.0,2.0,0.0,1.0
343,1684,9,2005,2005,6,2,564,2,1684,3932,266000,4.0,4.0,5.0,2.0
344,1112,5,1976,1976,4,1,336,1,536,1984,85000,2.0,2.0,0.0,1.0
345,1577,6,1939,1950,6,1,312,1,972,2861,140200,1.0,2.0,4.0,1.0
346,958,6,1960,1998,5,1,301,1,958,2217,151500,2.0,2.0,0.0,2.0
347,1478,6,1960,1960,6,2,498,2,1478,3454,157500,2.0,2.0,4.0,1.0
348,1626,7,2003,2004,6,2,474,2,764,2864,154000,3.0,3.0,0.0,2.0
349,2728,9,2005,2006,10,2,706,3,1848,5282,437154,4.0,4.0,5.0,3.0
350,1869,9,2007,2007,6,2,617,2,1869,4355,318061,4.0,4.0,4.0,2.0
351,1453,7,1986,1986,6,1,445,2,1453,3351,190000,3.0,2.0,3.0,2.0
352,1111,5,1941,1950,5,1,200,1,616,1927,95000,2.0,2.0,0.0,1.0
353,720,6,1928,2003,5,1,484,2,720,1828,105900,2.0,2.0,0.0,1.0
354,1595,6,1940,2000,6,1,240,1,1192,2775,140000,2.0,2.0,4.0,1.0
355,1200,6,1995,1995,6,2,521,2,1200,2921,177500,3.0,3.0,0.0,2.0
356,1167,6,1992,1992,6,2,400,2,1167,2725,173000,3.0,2.0,0.0,2.0
357,1142,5,1976,1976,6,1,528,2,1142,2812,134000,2.0,2.0,1.0,3.0
358,1352,5,1958,1958,6,1,288,1,1352,2702,130000,3.0,2.0,0.0,1.0
359,1924,8,1998,1998,7,2,592,2,1086,3602,280000,3.0,3.0,3.0,2.0
360,912,6,1978,1978,5,1,470,2,912,2270,156000,2.0,2.0,3.0,2.0
361,1505,5,1940,1982,8,1,240,1,988,2628,145000,2.0,2.0,0.0,1.0
362,1922,7,2003,2003,7,3,672,2,495,2594,198500,3.0,3.0,5.0,2.0
363,987,6,1972,2007,5,1,264,1,483,1734,118000,3.0,2.0,0.0,1.0
364,1574,6,1976,1976,6,2,566,2,790,2936,190000,2.0,2.0,3.0,3.0
365,1344,5,1920,1997,6,1,468,1,672,2484,147000,2.0,2.0,0.0,1.0
366,1394,6,1963,1963,6,1,514,2,1394,3302,159000,2.0,2.0,4.0,2.0
367,1431,6,1962,1962,6,1,296,1,1431,2826,165000,2.0,2.0,4.0,2.0
368,1268,5,1954,1954,7,1,244,1,1268,2780,132000,2.0,2.0,4.0,3.0
369,1287,5,1959,2006,7,1,576,2,1287,2926,162000,3.0,2.0,4.0,3.0
370,1664,6,2000,2000,7,2,460,2,953,3077,172400,2.0,2.0,3.0,2.0
371,1588,4,1959,1959,7,2,680,2,1120,2268,134432,2.0,2.0,4.0,3.0
372,752,6,1984,1984,4,1,264,1,752,1760,125000,2.0,2.0,0.0,1.0
373,1319,5,1953,1953,5,1,270,1,1319,2197,123000,2.0,2.0,0.0,1.0
374,1928,7,2003,2004,8,2,434,2,847,3209,219500,3.0,3.0,4.0,3.0
376,914,5,1996,1996,5,1,576,2,914,2360,148000,2.0,3.0,0.0,1.0
377,2466,8,2004,2005,8,3,610,2,1580,4656,340000,3.0,3.0,4.0,2.0
378,1856,9,2010,2010,8,1,834,3,1856,4546,394432,4.0,3.0,5.0,3.0
379,1800,6,2000,2000,7,2,463,2,1007,3245,179000,2.0,2.0,3.0,3.0
380,1691,5,1924,1950,6,2,308,1,1026,3025,127000,3.0,2.0,4.0,1.0
381,1301,7,2006,2006,5,2,572,2,1301,3166,187750,3.0,3.0,4.0,2.0
382,1797,7,2006,2006,8,2,639,2,939,3375,213500,3.0,3.0,0.0,2.0
383,784,6,1928,1950,5,1,360,2,784,1928,76000,2.0,2.0,0.0,1.0
384,1953,6,1992,1992,9,2,501,2,1079,4034,240000,3.0,3.0,2.0,3.0
385,1269,8,2004,2005,6,2,430,2,1269,2955,192000,3.0,3.0,3.0,3.0
386,1184,5,1910,1996,8,1,0,0,658,1842,81000,2.0,2.0,0.0,0.0
387,1125,6,1976,1976,6,1,352,1,1125,2518,125000,2.0,2.0,2.0,1.0
388,1479,7,1999,2000,6,2,577,2,1479,3524,191000,3.0,3.0,0.0,2.0
389,2332,10,2007,2008,9,2,846,3,1742,4860,426000,4.0,4.0,5.0,3.0
390,1367,5,1900,1950,7,1,384,1,961,2612,119000,2.0,2.0,0.0,1.0
391,1961,6,2001,2002,7,2,560,2,804,3325,215000,3.0,2.0,3.0,3.0
392,882,5,1959,1959,5,1,294,1,882,1176,106500,2.0,2.0,0.0,2.0
393,788,4,1941,1950,4,1,0,0,788,1576,100000,2.0,2.0,3.0,0.0
394,1034,5,1940,1950,5,1,240,1,735,2009,109000,2.0,2.0,0.0,1.0
395,1144,5,1956,1956,6,1,596,1,1144,2884,129000,2.0,2.0,0.0,1.0
396,894,5,1972,1972,6,1,600,2,894,2388,123000,2.0,2.0,0.0,2.0
397,1812,5,1962,1962,8,2,264,1,876,2940,169500,2.0,2.0,3.0,2.0
398,1077,5,1920,1950,6,1,338,1,1077,2376,67000,2.0,2.0,0.0,1.0
399,1550,7,2006,2007,7,2,438,2,1112,3080,241000,3.0,3.0,0.0,3.0
400,1288,8,1996,1996,4,1,500,2,1288,3048,245500,4.0,3.0,4.0,3.0
401,1310,7,2005,2005,6,2,400,2,1310,3020,164990,3.0,3.0,4.0,3.0
402,672,5,1940,1997,4,1,240,1,672,1584,108000,2.0,2.0,0.0,1.0
403,2263,8,1998,1998,10,2,420,2,1165,3824,258000,3.0,3.0,3.0,3.0
404,1572,6,1995,1996,7,2,373,2,806,2751,168000,2.0,2.0,3.0,3.0
405,1620,4,1976,1993,8,2,490,2,1620,3391,150000,2.0,2.0,3.0,1.0
406,1639,6,1936,1950,6,1,240,1,1166,2470,115000,2.0,2.0,0.0,1.0
407,1680,6,1915,1976,8,2,308,1,840,2828,177000,2.0,2.0,0.0,1.0
408,2172,7,2006,2006,9,2,947,3,1071,4182,280000,3.0,3.0,4.0,2.0
409,2078,8,2007,2008,8,2,836,3,1050,3948,339750,4.0,3.0,4.0,3.0
410,1276,5,1958,1958,5,1,350,1,1276,2902,60000,2.0,2.0,0.0,1.0
411,1056,5,1955,1955,5,1,572,2,1056,2684,145000,2.0,2.0,0.0,3.0
412,1478,7,2009,2009,7,2,484,2,1478,3432,222000,3.0,4.0,4.0,3.0
413,1028,5,1927,1950,5,1,360,2,1028,2396,115000,2.0,2.0,4.0,1.0
414,2097,7,1993,1993,9,2,678,3,1080,3855,228000,3.0,3.0,3.0,1.0
415,1340,7,2007,2007,6,2,396,2,1340,3076,181134,3.0,3.0,0.0,3.0
416,1400,6,1978,1978,6,1,440,2,672,2512,149500,2.0,2.0,3.0,3.0
417,2624,6,1918,1950,10,2,864,3,1370,4858,239000,2.0,2.0,4.0,1.0
418,1134,5,1940,1950,7,1,240,1,756,2130,126000,2.0,2.0,0.0,1.0
419,1056,5,1968,1968,6,1,304,1,1056,2416,142000,2.0,2.0,2.0,1.0
421,1602,6,1977,2000,8,2,529,2,1602,3733,215000,3.0,3.0,3.0,3.0
422,988,5,1954,1954,4,1,520,2,988,2496,113000,2.0,2.0,0.0,2.0
423,2630,8,1998,1998,8,2,696,3,1470,4796,315000,3.0,3.0,3.0,3.0
424,1196,6,1956,1956,6,1,297,1,1196,2689,139000,2.0,2.0,4.0,2.0
425,1389,7,1946,1992,6,1,240,1,707,2280,135000,2.0,2.0,4.0,1.0
426,1644,7,1989,1989,5,2,569,2,1644,3731,275000,3.0,3.0,3.0,3.0
427,907,4,1957,1957,5,1,352,1,907,2166,109008,2.0,2.0,0.0,1.0
428,1208,7,2007,2007,6,2,628,2,1208,3044,195400,3.0,3.0,0.0,2.0
429,1412,6,1988,1988,6,2,576,2,1412,3380,175000,3.0,2.0,3.0,1.0
430,987,6,1971,1971,4,1,264,1,483,1734,85400,2.0,2.0,0.0,1.0
431,1198,6,1920,1998,7,1,0,0,1088,2099,79900,2.0,2.0,0.0,0.0
432,1365,5,1971,1971,6,1,440,2,765,2570,122500,2.0,2.0,0.0,1.0
433,1604,6,1997,1998,7,2,470,2,926,3000,181000,2.0,2.0,3.0,3.0
434,630,4,1972,1972,3,1,0,0,630,1260,81000,2.0,2.0,0.0,0.0
435,1661,7,1996,1996,6,2,550,2,827,3010,212000,3.0,3.0,3.0,2.0
436,1118,6,1920,1950,6,1,440,2,734,2206,116000,2.0,2.0,0.0,1.0
437,904,6,1926,2004,4,1,180,1,904,1968,119000,2.0,3.0,0.0,1.0
438,694,5,1913,2002,4,1,352,1,694,1486,90350,3.0,2.0,4.0,1.0
439,1196,6,1920,2000,7,1,528,2,684,2408,110000,3.0,2.0,0.0,1.0
440,2402,10,2008,2008,10,2,672,3,2402,6168,555000,4.0,4.0,4.0,3.0
441,1440,4,1955,1955,8,2,0,0,1440,2880,118000,1.0,2.0,0.0,0.0
442,1573,5,1930,1992,8,2,360,2,1128,3011,162900,2.0,2.0,4.0,1.0
443,1258,7,2006,2007,6,2,648,3,1258,3164,172500,3.0,3.0,4.0,3.0
444,1908,7,1994,1995,8,2,493,2,933,3316,210000,3.0,3.0,3.0,1.0
445,1689,6,1956,1956,7,1,480,2,1689,3605,127500,2.0,2.0,4.0,1.0
446,1888,6,1966,2002,6,2,578,2,1888,3983,190000,3.0,3.0,4.0,3.0
447,1886,7,1998,1999,10,2,431,2,956,3247,199900,3.0,3.0,3.0,3.0
448,1376,6,1937,1950,7,2,198,1,780,2354,119500,2.0,2.0,4.0,1.0
449,1183,3,1948,2002,6,1,308,1,679,2140,120000,2.0,2.0,0.0,1.0
450,813,6,1930,2005,5,1,270,1,813,1896,110000,3.0,2.0,0.0,1.0
451,1533,7,1975,1975,5,2,576,2,1533,3642,280000,3.0,2.0,3.0,1.0
452,1756,6,1996,1997,7,2,422,2,888,3050,204000,2.0,3.0,0.0,3.0
453,1590,8,2008,2008,6,2,676,2,786,3034,210000,3.0,3.0,0.0,2.0
454,1728,5,1976,1976,8,2,560,2,1728,4016,188000,2.0,2.0,0.0,1.0
455,1242,7,1973,1973,6,1,528,2,1242,3012,175500,2.0,2.0,3.0,1.0
456,1344,5,1916,1950,7,1,513,3,624,2481,98000,2.0,2.0,0.0,1.0
457,1663,4,1954,1994,6,1,529,2,1663,3556,256000,3.0,2.0,4.0,3.0
458,1666,8,1925,1996,7,1,228,1,833,2482,161000,3.0,2.0,4.0,1.0
459,1203,5,1950,1950,5,1,352,1,979,2264,110000,3.0,2.0,3.0,1.0
460,1935,8,2009,2009,8,2,552,2,832,3319,263435,2.0,3.0,0.0,3.0
461,1135,7,1936,2007,6,1,576,2,575,2271,155000,3.0,3.0,0.0,2.0
462,864,5,1965,1965,5,1,360,1,864,2088,62383,2.0,2.0,1.0,1.0
463,1660,6,1934,1995,6,1,240,1,849,2615,188700,2.0,2.0,4.0,1.0
464,1040,5,1978,1978,5,2,0,0,1040,2080,124000,2.0,2.0,0.0,0.0
465,1414,7,2004,2004,6,2,398,2,1414,3187,178740,3.0,3.0,3.0,3.0
466,1277,7,1970,1970,5,1,526,2,1277,3080,167000,2.0,2.0,1.0,1.0
467,1644,5,1942,1995,7,1,312,1,888,2684,146500,3.0,2.0,4.0,1.0
468,1634,8,2006,2006,7,2,866,3,1634,4126,250000,3.0,3.0,4.0,2.0
469,1710,6,1993,1993,7,2,506,2,832,3048,187000,3.0,3.0,0.0,2.0
470,1502,8,1985,1985,4,1,528,2,1502,3518,212000,3.0,3.0,0.0,2.0
471,1969,7,1977,1977,8,2,534,2,1161,3311,190000,2.0,2.0,4.0,2.0
472,1072,6,2005,2005,5,1,525,2,1072,2144,148000,2.0,2.0,0.0,2.0
473,1976,8,2006,2007,7,2,908,3,1976,4860,440000,3.0,3.0,5.0,2.0
474,1652,8,2000,2000,6,2,499,2,1652,3645,251000,4.0,3.0,0.0,2.0
475,970,5,1963,1963,5,1,624,2,970,2564,132500,2.0,2.0,0.0,1.0
476,1493,6,1997,1998,7,2,508,2,1493,3479,208900,3.0,2.0,3.0,3.0
477,2643,9,2006,2006,9,2,694,3,2069,5490,380000,4.0,4.0,4.0,3.0
478,1718,8,2007,2008,7,2,826,3,1718,4249,297000,3.0,3.0,4.0,2.0
479,1131,4,1937,2000,7,1,672,2,1131,2710,89471,2.0,2.0,0.0,1.0
480,1850,9,2004,2005,8,2,772,3,1850,4455,326000,3.0,3.0,4.0,3.0
481,1792,9,2003,2004,6,2,874,3,1792,4458,374000,4.0,3.0,4.0,3.0
482,1826,7,1915,2005,7,1,164,1,916,2900,155000,4.0,3.0,4.0,1.0
483,1216,6,1998,1998,5,2,402,2,1216,2834,164000,2.0,2.0,0.0,1.0
484,999,5,1962,2001,6,1,264,1,999,2262,132500,3.0,2.0,0.0,1.0
485,1113,5,1950,2007,5,1,264,1,1113,2490,147000,3.0,3.0,4.0,1.0
486,1073,5,1965,1965,6,1,515,2,1073,2661,156000,2.0,2.0,0.0,2.0
487,1484,5,1971,1971,7,2,487,2,1484,3455,175000,2.0,2.0,3.0,1.0
488,2414,5,1900,1970,10,2,520,2,1766,3888,160000,2.0,2.0,4.0,1.0
489,630,4,1970,2002,3,1,286,1,630,1546,86000,3.0,2.0,0.0,1.0
490,1304,5,1976,1976,4,1,336,1,616,1904,115000,2.0,2.0,4.0,3.0
491,1578,6,1941,1950,5,1,240,1,958,2624,133000,1.0,2.0,3.0,1.0
492,1456,6,2006,2006,8,2,429,2,728,2613,172785,2.0,3.0,0.0,2.0
493,1269,5,1960,1960,6,1,308,1,1269,2846,155000,2.0,2.0,2.0,1.0
494,886,5,1938,1996,4,1,273,1,886,1349,91300,2.0,2.0,0.0,1.0
495,720,4,1920,1950,4,1,0,0,720,1440,34900,2.0,2.0,0.0,0.0
497,1820,7,1925,1950,8,2,240,1,1133,3086,184000,2.0,2.0,0.0,1.0
498,899,5,1967,2004,5,1,288,1,899,2051,130000,3.0,2.0,0.0,3.0
499,912,5,1958,1985,5,1,297,1,912,2121,120000,2.0,2.0,0.0,3.0
500,1218,6,1973,1973,7,1,264,1,672,2154,113000,2.0,2.0,0.0,1.0
501,1768,7,2005,2005,7,2,603,2,866,3237,226700,3.0,3.0,0.0,2.0
502,1214,5,1965,1965,6,1,461,2,1214,2889,140000,2.0,2.0,0.0,1.0
503,1801,7,1959,1997,6,2,484,2,1801,3786,289000,2.0,2.0,3.0,3.0
504,1322,6,1974,1974,6,2,440,2,855,2617,147000,2.0,2.0,2.0,1.0
505,1960,5,1952,1952,10,2,400,2,960,3320,124500,2.0,2.0,0.0,1.0
506,1911,8,1993,1994,8,2,471,2,1065,3159,215000,3.0,3.0,3.0,2.0
507,1218,6,2009,2009,4,2,676,2,1218,3112,208300,3.0,3.0,0.0,3.0
508,1378,7,1928,2005,7,2,360,2,689,2427,161000,3.0,2.0,4.0,1.0
509,1041,5,1959,1959,6,1,270,1,1041,2352,124500,2.0,2.0,0.0,2.0
510,1363,5,1951,2000,6,1,288,1,1363,2659,164900,2.0,3.0,3.0,1.0
511,1368,7,2005,2006,6,2,474,2,1368,3210,202665,3.0,3.0,4.0,2.0
512,864,5,1958,1958,5,1,624,2,864,2352,129900,2.0,2.0,0.0,1.0
513,1080,6,1983,1983,5,1,484,2,1080,2648,134000,2.0,2.0,0.0,1.0
514,789,5,1926,1950,5,1,200,1,789,1757,96500,2.0,2.0,0.0,1.0
515,2020,10,2009,2009,9,2,900,3,2020,4926,402861,4.0,4.0,4.0,3.0
516,2119,6,1972,1972,7,2,583,2,1378,3391,158000,2.0,2.0,3.0,2.0
517,2344,7,1996,1997,7,2,889,3,1277,4497,265000,3.0,3.0,3.0,2.0
518,1796,6,1998,1998,7,2,546,2,882,3136,211000,2.0,2.0,0.0,2.0
519,2080,7,1926,2004,9,1,282,1,1276,3638,234000,3.0,3.0,4.0,1.0
520,1294,4,1900,2000,7,2,0,0,694,1294,106250,2.0,2.0,0.0,0.0
521,1244,6,1957,1957,6,1,336,1,1244,2824,150000,2.0,2.0,4.0,1.0
522,1664,6,1947,1950,7,2,420,2,1004,3088,159000,2.0,2.0,4.0,1.0
524,2398,7,1996,1997,8,2,834,3,1383,4611,315750,3.0,3.0,3.0,3.0
525,1266,7,2005,2005,6,2,453,2,1266,2976,176000,3.0,3.0,3.0,1.0
526,928,5,1956,2000,4,1,252,1,928,2108,132000,2.0,2.0,0.0,1.0
528,605,4,1920,2002,5,1,0,0,605,1133,86000,2.0,2.0,0.0,0.0
529,2515,6,1957,1975,9,3,484,2,2515,5034,200624,2.0,3.0,3.0,2.0
530,1509,6,1988,1989,5,2,600,2,1509,3570,175000,3.0,3.0,2.0,2.0
531,1362,6,1920,1999,6,2,502,2,751,2475,128000,2.0,2.0,0.0,3.0
532,827,5,1955,2007,5,1,392,1,827,1219,107500,2.0,2.0,1.0,1.0
534,1414,8,2004,2004,6,2,403,2,707,2524,178000,3.0,3.0,4.0,3.0
535,1347,5,1910,1991,5,1,0,0,820,2464,107500,2.0,2.0,0.0,0.0
536,1724,7,1998,1999,8,2,527,2,880,3131,188000,3.0,2.0,0.0,3.0
537,864,4,1972,1972,5,1,576,2,864,2304,111250,2.0,2.0,0.0,1.0
538,1159,5,1968,1968,7,1,336,1,1159,2546,158000,2.0,2.0,2.0,1.0
539,1601,8,2001,2002,6,2,670,2,1601,3852,272000,3.0,3.0,3.0,2.0
540,1838,9,2006,2006,8,2,765,3,1838,4441,315000,4.0,4.0,4.0,3.0
541,2285,8,2000,2000,8,2,648,3,997,3902,248000,3.0,3.0,3.0,3.0
542,1680,7,1998,1999,7,2,583,2,1680,3913,213250,3.0,3.0,3.0,3.0
543,767,7,1998,1998,4,1,367,1,767,1857,133000,2.0,2.0,0.0,3.0
544,1496,7,2006,2006,7,2,426,2,664,2576,179665,3.0,3.0,4.0,2.0
545,2183,7,1988,1988,9,2,786,3,1377,4173,229000,3.0,3.0,0.0,1.0
546,1635,6,1923,1950,6,1,440,2,915,3140,210000,2.0,2.0,4.0,1.0
547,768,5,1970,1970,5,1,624,2,768,2160,129500,2.0,2.0,0.0,1.0
548,825,5,1955,1995,4,1,720,2,825,2370,125000,2.0,2.0,0.0,2.0
549,2094,7,2003,2004,8,2,615,2,912,3621,263000,3.0,3.0,4.0,3.0
550,1069,6,1977,1977,4,2,440,2,1069,2578,140000,2.0,2.0,0.0,2.0
551,928,5,1957,1957,5,1,288,1,928,2144,112500,2.0,2.0,0.0,3.0
552,1717,8,2006,2006,7,2,908,3,1717,4334,255500,3.0,3.0,4.0,2.0
553,1126,4,1949,2003,5,2,520,2,1126,1646,108000,3.0,2.0,0.0,3.0
554,2046,7,2003,2004,8,2,871,3,1006,3915,284000,3.0,3.0,4.0,2.0
555,1048,5,1922,1950,5,1,280,1,1048,2321,113000,2.0,2.0,4.0,1.0
556,1092,5,1957,1957,6,1,299,1,1092,2483,141000,2.0,2.0,3.0,3.0
557,1336,4,1920,1950,7,1,570,1,897,2543,108000,2.0,2.0,0.0,1.0
558,1446,7,1996,1997,6,2,406,2,729,2581,175000,2.0,2.0,3.0,1.0
559,1557,7,2003,2004,7,2,420,2,1557,3351,234000,3.0,3.0,3.0,3.0
560,1392,5,1957,1996,5,1,528,2,1392,3312,121500,2.0,2.0,4.0,1.0
561,1389,5,1974,1975,6,1,418,2,1389,3196,170000,2.0,2.0,3.0,2.0
562,996,5,1940,1969,6,1,0,0,996,1992,108000,2.0,2.0,4.0,0.0
563,1674,6,1918,1950,8,2,396,2,1163,3233,185000,2.0,2.0,4.0,3.0
564,2295,7,1992,2000,9,2,590,2,1166,3980,268000,3.0,3.0,3.0,2.0
565,1647,6,1915,1950,6,1,216,1,841,2669,128000,1.0,2.0,0.0,1.0
567,1535,7,2004,2004,7,2,532,2,1535,3584,214000,3.0,3.0,0.0,2.0
568,2132,8,1983,2009,5,1,612,2,1496,4240,316600,3.0,3.0,4.0,3.0
569,943,5,1979,1979,4,1,600,2,943,2486,135960,2.0,2.0,3.0,1.0
570,1728,5,1965,1965,10,2,576,2,1728,4032,142600,2.0,2.0,0.0,1.0
571,864,6,1959,1959,4,1,288,1,864,2016,120000,3.0,2.0,0.0,1.0
572,1692,7,2009,2009,6,2,650,2,846,3188,224500,3.0,2.0,0.0,2.0
573,1430,7,2000,2000,8,2,400,2,774,2214,170000,2.0,2.0,3.0,2.0
574,1109,5,1971,2005,5,1,288,1,576,1769,139000,2.0,2.0,0.0,1.0
575,1216,5,1947,1950,6,1,336,1,832,2384,118500,2.0,2.0,0.0,1.0
576,1477,7,1928,1950,6,2,216,1,877,2554,145000,2.0,2.0,4.0,1.0
577,1320,5,1966,1966,6,1,564,2,1320,3048,164500,2.0,2.0,2.0,2.0
578,1392,7,2007,2007,5,2,540,2,703,2621,146000,3.0,3.0,0.0,1.0
579,1795,5,1954,1954,7,2,352,1,1050,3197,131500,2.0,2.0,0.0,1.0
580,1429,6,1960,1987,7,1,572,2,1429,3145,181900,3.0,2.0,4.0,1.0
581,2042,8,2008,2009,8,2,1390,3,2042,5474,253293,4.0,4.0,4.0,2.0
582,816,6,1990,1990,5,1,0,0,816,1632,118500,2.0,2.0,0.0,0.0
583,2775,10,1893,2000,9,3,880,2,1521,4892,325000,3.0,4.0,4.0,1.0
584,1573,4,1935,1995,6,1,240,1,989,2697,133000,3.0,2.0,0.0,1.0
585,2028,8,2005,2006,7,2,880,3,2028,4776,369900,3.0,3.0,4.0,2.0
586,838,6,1918,2000,5,1,275,1,838,1929,130000,1.0,2.0,0.0,3.0
587,860,5,1982,1982,4,1,528,2,860,2228,137000,2.0,2.0,0.0,1.0
588,1473,5,1968,2003,5,1,452,1,1473,3362,143000,4.0,2.0,4.0,1.0
589,935,5,1930,1960,4,1,308,1,779,1829,79500,2.0,2.0,0.0,1.0
590,1582,7,2004,2004,6,2,520,2,770,2872,185900,3.0,3.0,0.0,2.0
591,2296,10,2008,2008,10,2,842,3,1728,4860,451950,4.0,4.0,4.0,2.0
592,816,5,1982,2003,4,1,816,2,816,2448,138000,2.0,2.0,0.0,3.0
593,848,6,2003,2003,4,1,420,2,848,2116,140000,3.0,3.0,0.0,3.0
594,924,5,1975,1975,5,1,280,1,924,2128,110000,2.0,2.0,0.0,1.0
595,1826,8,2005,2006,7,2,758,3,1826,4398,319000,3.0,3.0,3.0,3.0
596,1368,6,1910,1993,7,1,216,1,684,2268,114504,2.0,2.0,0.0,1.0
597,1402,7,2006,2007,7,0,648,3,1402,3308,194201,3.0,3.0,4.0,3.0
598,1647,5,1977,1977,7,2,621,2,1647,3698,217500,3.0,2.0,3.0,3.0
599,1556,6,1980,1980,6,2,452,2,716,2724,151000,2.0,2.0,3.0,3.0
600,1904,8,2005,2005,8,2,736,2,1058,3698,275000,4.0,3.0,4.0,3.0
601,1375,6,1937,1950,6,1,544,1,780,2699,141000,3.0,2.0,4.0,1.0
602,1915,8,1992,1992,8,2,506,2,927,3329,220000,3.0,3.0,3.0,3.0
603,1200,7,2004,2005,4,2,480,2,600,2280,151000,3.0,3.0,0.0,2.0
604,1494,7,2002,2002,6,2,530,2,1494,3518,221000,3.0,3.0,3.0,2.0
605,1986,7,1965,1990,7,2,486,2,1186,3240,205000,2.0,2.0,2.0,1.0
606,1040,5,1996,1996,6,1,576,2,1040,2656,152000,3.0,2.0,0.0,1.0
607,2008,5,1948,2002,8,3,230,1,1112,3134,225000,4.0,2.0,0.0,1.0
609,1029,4,1961,1961,5,1,261,1,1029,2319,118500,2.0,2.0,0.0,1.0
610,2153,9,2000,2000,8,2,736,3,1476,4329,313000,4.0,3.0,5.0,3.0
611,1032,6,1978,1978,6,2,564,2,1032,2628,148000,2.0,2.0,3.0,1.0
612,1872,8,2001,2001,7,2,531,2,1299,3702,261500,4.0,3.0,3.0,2.0
613,1120,5,2007,2007,6,1,0,0,1120,2240,147000,2.0,2.0,0.0,0.0
614,630,4,1972,1972,3,1,0,0,630,1260,75500,2.0,2.0,0.0,0.0
615,1054,6,1963,1963,6,1,480,2,1054,2470,137500,3.0,2.0,0.0,2.0
616,1509,6,2002,2003,7,2,393,2,807,2685,183200,3.0,3.0,4.0,3.0
617,832,6,1954,1954,4,1,528,2,832,2192,105500,3.0,2.0,0.0,1.0
618,1828,9,2007,2007,9,2,774,3,1828,4424,314813,3.0,4.0,4.0,1.0
619,2262,8,2003,2003,10,2,749,3,1482,4493,305000,3.0,3.0,4.0,3.0
620,864,3,1914,1950,5,1,0,0,864,1728,67000,2.0,2.0,0.0,0.0
621,2614,6,1974,1997,9,2,624,2,1548,4760,240000,2.0,2.0,3.0,2.0
622,980,5,1977,1977,6,1,484,2,980,2444,135000,2.0,2.0,0.0,1.0
623,1512,6,2000,2000,4,2,440,2,756,2708,168500,3.0,3.0,3.0,1.0
624,1790,6,1972,1972,8,1,484,2,1012,3006,165150,2.0,2.0,3.0,2.0
625,1116,6,1962,1962,5,1,440,2,1116,2672,160000,2.0,2.0,0.0,1.0
626,1422,5,1960,1978,6,1,286,1,1422,2686,139900,2.0,2.0,3.0,2.0
627,1520,6,1955,1972,7,1,364,1,1520,3040,153000,2.0,2.0,4.0,2.0
628,2080,5,1969,1969,9,1,504,2,1040,3624,135000,1.0,2.0,3.0,1.0
629,1350,6,1964,1964,6,1,520,2,1350,3118,168500,2.0,2.0,0.0,2.0
630,1750,5,1880,1991,8,1,240,1,1089,2626,124000,4.0,2.0,0.0,1.0
631,1554,8,2006,2006,6,2,627,2,1554,3735,209500,3.0,3.0,4.0,2.0
632,1411,7,1977,1977,6,2,544,2,1411,3341,82500,2.0,2.0,3.0,3.0
633,1056,5,1954,2005,6,1,260,1,1056,2372,139400,2.0,2.0,0.0,1.0
634,1056,6,1980,1980,4,0,576,2,1056,2688,144000,2.0,2.0,0.0,1.0
636,800,2,1936,1950,4,1,0,0,800,1064,60000,1.0,1.0,1.0,0.0
637,1387,5,1954,1954,7,2,256,1,811,2454,93000,3.0,2.0,0.0,1.0
638,796,5,1910,1950,4,1,0,0,796,1592,85000,2.0,2.0,0.0,0.0
639,1567,8,2006,2006,7,2,648,3,1567,3735,264561,4.0,3.0,4.0,3.0
640,1518,8,2003,2004,6,1,588,2,1518,3624,274000,4.0,4.0,4.0,2.0
641,1929,7,2001,2001,7,2,650,2,1057,3636,226000,3.0,3.0,3.0,3.0
642,2704,8,1972,1995,9,2,538,2,2000,5194,345000,4.0,3.0,3.0,3.0
643,1620,5,1969,1969,7,2,462,2,780,2862,152000,2.0,2.0,0.0,3.0
644,1766,9,2009,2009,7,2,478,3,1766,4010,370878,4.0,4.0,4.0,3.0
645,981,6,1971,1971,5,1,576,2,981,2538,143250,2.0,2.0,0.0,1.0
646,1048,5,1950,1950,7,1,420,2,1048,1468,98300,2.0,2.0,0.0,1.0
647,1094,6,1953,1953,5,1,495,2,1094,2683,155000,2.0,2.0,4.0,2.0
648,1839,6,1966,1966,7,1,442,2,1051,3037,155000,2.0,2.0,3.0,1.0
649,630,4,1970,1970,3,1,0,0,630,1260,84500,2.0,2.0,0.0,0.0
650,1665,7,2007,2007,7,2,562,2,822,3040,205950,3.0,3.0,0.0,2.0
651,1510,4,1940,1950,7,1,296,1,755,2561,108000,2.0,2.0,4.0,1.0
652,1716,7,1996,1996,7,2,512,2,909,3108,191000,3.0,3.0,3.0,2.0
653,1469,6,1906,1995,7,1,216,1,756,2441,135000,2.0,2.0,0.0,1.0
654,2113,8,1995,1995,7,2,839,3,2113,5061,350000,3.0,3.0,3.0,3.0
655,1092,6,1971,1971,6,1,264,1,525,1881,88000,2.0,2.0,0.0,1.0
656,1053,5,1959,2006,5,1,312,1,1053,2418,145500,3.0,3.0,0.0,2.0
657,1502,7,1931,2000,6,1,270,1,851,2548,149000,2.0,2.0,4.0,2.0
658,1458,6,1948,1950,6,1,330,1,912,2700,97500,2.0,2.0,4.0,1.0
659,1486,5,1964,1999,7,1,480,2,1486,3452,167000,2.0,2.0,0.0,3.0
660,1935,7,1976,1976,7,2,550,2,1142,3278,197900,2.0,2.0,3.0,2.0
661,2448,8,1994,2005,8,2,711,3,1686,4788,402000,3.0,3.0,3.0,2.0
662,1392,6,1968,1968,5,1,576,2,1392,3360,110000,2.0,2.0,3.0,2.0
663,1181,4,1972,1972,6,2,588,2,1181,2907,137500,2.0,2.0,0.0,2.0
664,2097,8,2005,2006,8,1,1134,3,2097,5308,423000,4.0,3.0,5.0,3.0
665,1936,8,2000,2000,7,2,504,2,1454,3846,230500,3.0,3.0,3.0,2.0
666,2380,6,1965,1979,7,2,596,2,1465,3997,129000,2.0,2.0,1.0,1.0
667,1679,6,1994,1998,7,2,575,2,1679,3662,193500,3.0,2.0,2.0,2.0
668,1437,5,1956,1987,6,1,576,2,1437,3201,168000,2.0,2.0,3.0,1.0
669,1180,4,1922,1950,5,1,252,1,1180,2132,137500,1.0,2.0,4.0,1.0
670,1476,6,2005,2005,7,2,540,2,738,2754,173500,3.0,3.0,0.0,3.0
671,1369,6,1925,1950,6,2,300,1,697,2341,103600,2.0,2.0,0.0,1.0
672,1208,6,1977,1977,6,1,546,2,1208,2962,165000,2.0,3.0,3.0,2.0
673,1839,6,1957,2004,7,2,416,2,1839,3732,257500,3.0,2.0,3.0,3.0
674,1136,6,1965,1965,5,1,384,1,1136,2656,140000,2.0,2.0,4.0,2.0
675,1441,6,1978,1978,7,2,440,2,855,2736,148500,2.0,2.0,3.0,1.0
676,1774,4,1900,1950,8,2,779,3,1095,3648,87000,2.0,2.0,0.0,1.0
677,792,5,1924,2006,5,1,240,1,792,1800,109500,3.0,3.0,0.0,1.0
678,2046,8,2008,2008,7,2,834,3,2046,4926,372500,3.0,3.0,4.0,3.0
679,988,5,1961,1961,5,1,572,2,988,2548,128500,2.0,2.0,0.0,1.0
680,923,6,1980,1980,5,2,264,1,923,2110,143000,2.0,2.0,3.0,2.0
681,1520,5,1932,2000,6,1,281,1,848,2594,159434,2.0,2.0,0.0,1.0
682,1291,6,1996,1997,6,1,431,2,1291,3013,173000,3.0,2.0,4.0,1.0
683,1668,9,2002,2002,7,2,702,3,1668,3996,285000,3.0,3.0,3.0,3.0
684,1839,7,1998,1998,7,2,486,2,1195,3520,221000,2.0,3.0,0.0,3.0
685,2090,7,1984,1984,6,2,577,2,1190,3857,207500,3.0,3.0,3.0,3.0
686,1761,7,2007,2007,7,3,578,2,874,3213,227875,3.0,3.0,0.0,3.0
687,1102,7,2004,2004,4,2,480,2,551,2133,148800,3.0,3.0,0.0,1.0
688,1419,8,2007,2007,7,2,567,2,1419,3405,392000,3.0,3.0,4.0,2.0
689,1362,6,2005,2006,6,2,460,2,1362,3184,194700,3.0,3.0,4.0,2.0
690,848,6,2004,2004,3,1,420,2,848,2116,141000,3.0,3.0,3.0,2.0
692,2519,7,1989,1990,9,2,628,2,1238,4357,335000,3.0,3.0,4.0,2.0
693,1073,5,1921,1968,4,1,326,1,1073,2472,108480,2.0,2.0,0.0,1.0
694,1539,5,1936,1950,5,1,576,2,1067,3042,141500,2.0,2.0,0.0,1.0
695,1137,6,1987,1987,5,2,551,2,1137,2800,176000,3.0,2.0,3.0,1.0
696,616,5,1921,1950,4,1,205,1,616,1437,89000,2.0,2.0,0.0,1.0
697,1148,5,1952,1952,6,1,308,1,1148,2436,123500,2.0,2.0,0.0,1.0
698,894,5,1965,2009,5,1,336,1,894,2124,138500,2.0,2.0,4.0,1.0
699,1391,7,2004,2004,5,2,530,2,1391,3312,196000,3.0,3.0,0.0,2.0
700,1800,8,2002,2002,7,2,765,3,1800,4365,312500,3.0,3.0,4.0,3.0
701,1164,7,1969,1969,6,1,528,2,1164,2856,140000,2.0,2.0,0.0,1.0
702,2576,8,2006,2006,10,2,666,3,1264,4476,361919,4.0,4.0,4.0,3.0
703,1812,5,1900,1996,8,2,672,2,1032,2844,140000,3.0,2.0,1.0,1.0
704,1484,7,2004,2005,7,2,606,2,1484,3563,213000,3.0,3.0,0.0,2.0
705,1092,4,1930,1950,7,2,0,0,372,1092,55000,1.0,1.0,0.0,0.0
706,1824,7,1971,2002,5,2,739,2,1824,4206,302000,3.0,2.0,3.0,1.0
707,1324,8,2006,2006,6,2,550,2,1324,3198,254000,3.0,3.0,4.0,3.0
708,1456,7,2007,2007,8,2,400,2,728,2584,179540,3.0,3.0,4.0,3.0
709,904,5,1966,1966,6,1,408,1,904,2188,109900,2.0,2.0,0.0,1.0
710,729,3,1935,2003,5,1,0,0,729,999,52000,2.0,3.0,0.0,0.0
711,1178,4,1900,1950,7,1,384,1,859,2421,102776,2.0,2.0,0.0,2.0
712,1228,8,1988,1989,5,2,472,2,1228,2928,189000,3.0,3.0,4.0,3.0
713,960,4,1970,1970,6,1,576,2,960,2496,129000,2.0,2.0,0.0,1.0
714,1479,6,1976,2005,6,2,475,2,725,2679,130500,3.0,3.0,0.0,2.0
715,1350,6,1974,1974,7,2,478,2,1350,2892,165000,2.0,2.0,3.0,2.0
716,2554,7,1890,1998,8,1,704,2,1576,3976,159500,2.0,2.0,0.0,1.0
717,1178,5,1973,2000,5,1,439,2,1178,2793,157000,3.0,2.0,2.0,1.0
718,2418,7,1993,1994,9,2,983,3,1325,4712,341000,3.0,3.0,3.0,2.0
719,971,5,1969,1969,5,1,300,1,971,2242,128500,2.0,2.0,1.0,1.0
720,1742,8,1985,1985,5,2,564,2,1742,4048,275000,3.0,3.0,3.0,2.0
721,848,6,2004,2004,3,1,420,2,848,2116,143000,3.0,3.0,0.0,2.0
722,864,4,1970,1970,5,1,463,2,864,2191,124500,2.0,2.0,0.0,1.0
723,1470,4,1954,1972,7,2,548,1,997,2959,135000,2.0,2.0,0.0,1.0
724,1698,9,2007,2008,8,2,768,3,1698,4164,320000,4.0,4.0,4.0,3.0
725,864,4,1970,1970,5,1,660,2,864,2388,120500,3.0,2.0,0.0,1.0
726,1680,6,1988,2007,5,2,540,2,1680,3100,222000,3.0,3.0,4.0,3.0
727,1232,7,2007,2007,6,2,632,2,1232,3096,194500,3.0,3.0,0.0,2.0
728,1776,5,1958,1958,9,2,888,3,1776,4248,110000,2.0,2.0,0.0,1.0
729,1208,4,1925,1950,5,1,539,2,848,2167,103000,2.0,2.0,0.0,1.0
730,1616,8,1995,1996,5,2,608,2,1616,3819,236500,3.0,3.0,3.0,2.0
731,1146,7,2003,2003,6,2,438,2,1146,2452,187500,3.0,3.0,4.0,3.0
732,2031,7,1998,1999,8,2,541,2,1153,3725,222500,3.0,3.0,3.0,3.0
733,1144,5,1961,1983,6,1,264,1,1144,2272,131400,2.0,2.0,3.0,2.0
734,948,5,1968,1968,6,1,300,1,948,2196,108000,2.0,2.0,0.0,1.0
735,1768,7,1914,1970,6,1,320,2,880,2968,163000,2.0,2.0,3.0,1.0
736,1040,3,1950,1950,6,2,400,2,1040,1440,93500,2.0,2.0,0.0,1.0
737,1801,8,2005,2005,8,2,800,3,901,3494,239900,3.0,3.0,4.0,3.0
738,1200,5,1987,1988,5,3,0,0,1200,2400,179000,2.0,2.0,0.0,0.0
739,1728,7,2004,2004,7,2,572,2,864,3164,190000,3.0,3.0,0.0,2.0
740,1432,5,1910,2002,7,2,360,2,768,2056,132000,2.0,2.0,0.0,1.0
741,912,6,1961,1996,5,1,288,1,912,2112,142000,3.0,2.0,0.0,1.0
742,1349,7,2000,2001,6,2,539,2,1349,3237,179000,2.0,2.0,0.0,1.0
743,1464,5,1963,1999,6,2,480,2,1464,2464,175000,2.0,2.0,3.0,2.0
744,1337,8,1993,1993,5,2,462,2,1337,3136,180000,3.0,3.0,3.0,2.0
746,2256,7,2000,2000,8,2,554,2,980,3762,236000,3.0,3.0,3.0,3.0
748,1720,7,1996,1996,7,2,527,2,1720,3967,260400,3.0,3.0,3.0,3.0
749,1529,4,1945,1950,9,2,240,1,1088,1769,98000,2.0,2.0,0.0,1.0
750,1140,4,1910,2004,7,1,0,0,792,1716,96500,2.0,2.0,0.0,0.0
751,1320,7,2003,2003,6,2,400,2,660,2380,162000,3.0,3.0,0.0,3.0
752,1494,6,1997,1997,6,2,576,2,1494,3549,217000,3.0,2.0,0.0,2.0
753,2098,8,2005,2005,8,2,878,3,1038,4006,275500,4.0,3.0,4.0,2.0
754,1026,6,1969,2005,5,1,440,2,1026,2492,156000,3.0,2.0,0.0,2.0
755,1471,6,1999,1999,6,2,440,2,742,2640,172500,2.0,2.0,0.0,1.0
756,1768,8,2007,2007,7,2,578,2,866,3212,212000,3.0,3.0,0.0,2.0
757,1386,6,1978,1978,6,2,440,2,672,2498,158900,2.0,2.0,3.0,3.0
758,1501,7,1999,1999,6,2,440,2,757,2685,179400,2.0,2.0,0.0,1.0
759,2531,8,1995,1995,9,2,752,3,1328,4601,290000,3.0,3.0,3.0,2.0
760,864,6,1959,1959,5,1,300,1,864,2028,127500,2.0,2.0,0.0,1.0
761,1301,5,1924,1950,5,1,440,2,1301,2886,100000,1.0,2.0,0.0,1.0
762,1547,7,2009,2009,7,2,614,2,764,2917,215200,3.0,2.0,0.0,1.0
763,2365,8,1999,1999,8,2,856,3,1268,4473,337000,3.0,3.0,4.0,2.0
764,1494,8,1995,1996,6,1,481,2,1494,3469,270000,4.0,3.0,4.0,3.0
765,1506,9,2008,2008,6,2,592,2,1506,3596,264132,4.0,3.0,4.0,3.0
766,1714,7,1988,1988,7,2,496,2,980,3190,196500,2.0,2.0,3.0,1.0
767,1750,6,1940,1985,7,2,423,1,983,3156,160000,2.0,2.0,0.0,1.0
768,1836,7,2004,2005,8,2,484,2,1836,4180,216837,3.0,3.0,4.0,3.0
770,858,5,1982,1982,5,1,576,2,858,2292,134900,2.0,2.0,0.0,1.0
771,1220,4,1951,1951,6,1,396,2,1220,2452,102000,2.0,2.0,0.0,1.0
772,1117,6,1976,1976,6,1,672,2,1117,2818,107000,2.0,2.0,3.0,1.0
773,912,5,1958,1958,5,1,275,1,912,2099,114500,2.0,2.0,0.0,2.0
774,1973,8,2006,2006,9,2,895,3,1973,4803,395000,3.0,3.0,4.0,3.0
775,1204,6,1998,1998,5,2,412,2,1204,2820,162000,2.0,2.0,0.0,3.0
776,1614,7,2005,2006,7,2,865,3,1614,4093,221500,3.0,3.0,0.0,2.0
777,894,5,1974,1974,5,1,440,2,894,2198,142500,2.0,2.0,2.0,1.0
778,2020,5,1977,1977,10,2,630,2,2020,2650,144000,2.0,2.0,3.0,1.0
779,1004,6,1977,1977,4,1,504,2,1004,2483,135000,2.0,2.0,0.0,1.0
780,1253,7,1995,1996,6,2,402,2,1253,2892,176000,2.0,2.0,3.0,3.0
781,1603,6,1992,1992,7,2,484,2,810,2848,175900,3.0,3.0,0.0,2.0
782,1430,7,2001,2002,6,2,605,2,1430,3448,187100,3.0,3.0,0.0,2.0
783,1110,5,1978,1978,4,1,602,2,1110,2809,165500,3.0,2.0,3.0,3.0
784,1484,6,1914,2001,9,2,0,0,742,2226,128000,2.0,2.0,4.0,0.0
785,1342,6,1967,1967,7,2,457,2,1342,3171,161500,2.0,2.0,4.0,1.0
786,1652,5,1915,1950,7,2,416,1,966,2754,139000,2.0,2.0,0.0,1.0
787,2084,7,2004,2004,8,2,618,2,956,3658,233000,3.0,3.0,0.0,2.0
788,901,4,1954,2000,4,1,281,1,901,2083,107900,2.0,2.0,0.0,1.0
789,2087,6,1966,2007,9,2,444,2,976,3363,187500,3.0,2.0,0.0,3.0
790,1145,7,2005,2006,5,2,397,2,1145,2687,160200,3.0,3.0,4.0,3.0
791,1062,6,1976,1976,5,1,539,2,1062,2630,146800,2.0,2.0,3.0,2.0
792,2013,7,1996,1997,8,2,455,2,1127,3585,269790,2.0,3.0,3.0,1.0
793,1496,8,2007,2007,7,2,474,2,1496,3466,225000,3.0,3.0,0.0,3.0
794,1895,7,1994,1996,7,2,409,2,1086,3016,194500,3.0,3.0,3.0,3.0
795,1564,6,1980,1981,7,2,476,2,888,2690,171000,2.0,2.0,3.0,1.0
796,1285,6,1977,1977,7,1,528,2,1285,2473,143500,2.0,2.0,3.0,2.0
797,773,5,1953,1953,4,1,240,1,773,1786,110000,2.0,2.0,0.0,1.0
799,1768,5,1937,1950,7,1,240,1,981,2739,175000,3.0,2.0,3.0,1.0
800,1688,6,1997,1997,8,2,603,2,616,2907,200000,3.0,2.0,0.0,2.0
801,1196,4,1916,1990,5,1,440,2,1196,2832,109900,2.0,2.0,0.0,1.0
802,1456,7,2005,2005,7,2,410,2,728,2594,189000,3.0,3.0,4.0,3.0
804,1128,5,1954,1954,5,1,286,1,1128,2350,118000,2.0,2.0,0.0,1.0
805,1428,7,2008,2008,6,2,554,2,1428,3399,227680,4.0,3.0,0.0,2.0
806,980,5,1967,1967,6,2,384,1,980,2344,135500,2.0,2.0,0.0,3.0
807,1576,5,1923,2004,6,1,528,2,1072,3428,223500,3.0,2.0,3.0,2.0
808,1086,5,1966,1966,6,1,484,2,1086,2594,159950,2.0,2.0,4.0,2.0
810,1309,6,1974,1999,5,1,484,2,1309,2833,181000,3.0,2.0,2.0,2.0
811,848,6,2004,2004,4,1,420,2,848,2116,144500,3.0,3.0,4.0,3.0
812,1044,5,1952,1952,4,1,504,2,1044,2088,55993,1.0,1.0,0.0,1.0
813,1442,6,1958,1958,7,1,301,1,1442,3185,157900,2.0,2.0,0.0,2.0
814,1250,5,1918,1950,7,1,280,1,686,2216,116000,1.0,2.0,0.0,1.0
815,1661,7,1998,1998,6,2,598,2,1661,3908,224900,3.0,2.0,0.0,2.0
816,1008,5,1954,1954,4,1,275,1,1008,2291,137000,2.0,2.0,4.0,2.0
817,1689,8,2002,2002,7,2,857,3,1689,4114,271000,3.0,3.0,4.0,2.0
818,1052,6,1971,1971,6,1,440,2,1052,2502,155000,2.0,2.0,0.0,1.0
819,1358,7,2009,2010,6,2,484,2,1358,3200,224000,3.0,3.0,4.0,2.0
820,1640,7,2003,2003,6,2,595,2,798,3033,183000,3.0,3.0,0.0,2.0
821,936,4,1953,1953,4,1,576,2,936,2448,93000,2.0,1.0,0.0,1.0
822,1733,7,2003,2003,7,2,433,2,847,3013,225000,3.0,3.0,4.0,3.0
823,1489,6,1940,1950,7,2,240,1,944,2507,139500,2.0,2.0,4.0,1.0
824,1489,8,2006,2006,7,2,776,2,1489,3754,232600,3.0,3.0,4.0,2.0
825,2084,10,2007,2008,7,2,1220,3,2084,5382,385000,4.0,4.0,4.0,3.0
826,784,5,1924,1950,5,1,0,0,784,1568,109500,3.0,2.0,0.0,0.0
827,1434,7,2001,2001,6,2,527,2,1434,3415,189000,3.0,3.0,3.0,2.0
828,2126,5,1967,1967,7,2,538,2,1160,3677,185000,2.0,2.0,0.0,3.0
829,1223,7,2005,2005,4,2,480,2,520,2223,147400,3.0,3.0,0.0,2.0
830,1392,6,1957,1957,6,1,458,2,1392,3242,166000,2.0,2.0,4.0,2.0
831,1200,7,2005,2005,4,2,480,2,520,2200,151000,3.0,2.0,0.0,2.0
832,1829,7,2003,2003,7,2,613,2,941,3383,237000,3.0,3.0,3.0,2.0
833,1516,6,1964,1964,6,1,472,2,1516,3504,167000,2.0,2.0,0.0,2.0
834,1144,5,1961,1961,6,1,456,2,1144,2744,139950,2.0,2.0,0.0,1.0
835,1067,4,1950,1995,4,2,436,2,1067,2570,128000,3.0,2.0,0.0,1.0
836,1559,5,1948,1973,5,1,812,2,1559,3930,153500,2.0,2.0,0.0,1.0
837,987,6,1973,1973,5,1,264,1,483,1734,100000,2.0,2.0,0.0,1.0
838,1099,5,1995,2006,6,1,352,1,1099,2550,144000,3.0,2.0,0.0,1.0
839,1200,5,1946,1995,6,1,240,1,768,2208,130500,2.0,2.0,0.0,1.0
840,1482,6,1925,1950,7,2,400,1,810,2554,140000,1.0,2.0,0.0,1.0
841,1539,5,1904,2002,8,2,686,2,958,2875,157500,3.0,2.0,1.0,1.0
842,1165,6,1966,1966,6,1,490,2,1165,2782,174900,2.0,2.0,0.0,2.0
843,1800,5,1961,1961,10,2,0,0,1800,3600,141000,2.0,2.0,0.0,0.0
844,1416,5,1915,1950,7,1,720,3,876,3012,153900,2.0,2.0,4.0,1.0
845,1701,5,1975,1981,6,2,611,2,1701,3702,171000,2.0,2.0,3.0,3.0
846,1775,7,1993,1993,7,2,425,2,1006,2940,213000,3.0,3.0,3.0,1.0
847,864,5,1972,1972,5,1,338,1,864,2066,133500,2.0,2.0,2.0,1.0
848,2358,6,1908,1997,10,3,360,2,1307,3625,240000,2.0,2.0,4.0,1.0
849,1855,6,1976,1994,7,2,512,2,1094,2895,187000,2.0,3.0,3.0,2.0
850,848,6,2003,2003,3,1,420,2,848,2116,131500,3.0,3.0,0.0,3.0
851,1456,8,2003,2003,7,2,400,2,1456,3129,215000,3.0,3.0,3.0,3.0
852,1646,7,1941,1950,7,2,240,1,918,2804,164000,2.0,2.0,4.0,1.0
853,1445,6,1964,1964,7,1,645,2,1445,3217,158000,2.0,2.0,2.0,2.0
854,1779,5,1955,1974,6,1,454,2,1779,3996,170000,2.0,2.0,4.0,1.0
855,1040,5,1962,2010,6,1,260,1,1040,2340,127000,2.0,2.0,0.0,1.0
856,1026,6,1978,1978,5,1,576,2,1026,2542,147000,2.0,2.0,0.0,1.0
857,1481,6,1994,1995,6,2,343,2,702,2526,174000,2.0,2.0,3.0,3.0
858,1370,7,1976,1976,6,2,479,2,1370,2939,152000,2.0,2.0,3.0,2.0
859,2654,6,1968,1984,9,2,619,2,1512,4327,250000,3.0,2.0,4.0,1.0
860,1426,7,1918,1998,7,1,216,1,912,2554,189950,3.0,3.0,4.0,1.0
861,1039,5,1965,1965,6,1,504,2,1039,2582,131500,2.0,2.0,0.0,1.0
862,1097,6,1984,1985,6,2,480,2,1097,2617,152000,2.0,2.0,0.0,1.0
863,1148,5,1959,1959,6,1,672,1,1148,2968,132500,2.0,2.0,0.0,1.0
864,1372,7,2007,2008,6,2,529,2,1372,3273,250580,3.0,3.0,0.0,3.0
865,1002,5,1970,1970,5,1,902,2,1002,2906,148500,2.0,2.0,0.0,1.0
866,1646,8,2006,2007,6,2,870,3,1646,4154,248900,3.0,3.0,4.0,2.0
867,1120,4,1961,1961,5,1,544,2,1120,2704,129000,1.0,2.0,0.0,2.0
868,2320,5,1948,1950,7,2,672,2,1547,2939,169000,2.0,2.0,3.0,1.0
869,1949,7,1993,1994,8,2,574,2,1062,3573,236000,3.0,3.0,3.0,3.0
870,894,5,1962,1962,5,1,308,1,894,2096,109500,2.0,2.0,0.0,1.0
871,1682,6,1998,1998,7,2,523,2,804,3009,200500,3.0,2.0,0.0,2.0
872,910,5,1953,1996,5,1,414,2,910,1429,116000,3.0,3.0,0.0,1.0
873,1268,5,1949,1950,6,1,288,1,1036,2156,133000,2.0,3.0,4.0,1.0
874,1131,5,1941,1950,5,1,200,1,676,2007,66500,2.0,2.0,0.0,1.0
876,1040,4,1963,1963,5,1,648,2,1040,2752,132250,2.0,2.0,0.0,1.0
877,2224,9,2004,2005,10,2,738,3,1462,4424,350000,4.0,3.0,4.0,3.0
878,1155,5,1961,1995,6,1,576,2,1155,2840,148000,3.0,2.0,0.0,1.0
879,864,5,1978,2005,6,1,336,1,864,2064,136500,2.0,3.0,0.0,1.0
880,1090,5,2005,2006,5,1,450,2,1090,2630,157000,2.0,2.0,0.0,3.0
881,1717,7,1990,1991,7,2,400,2,1187,3273,187500,3.0,3.0,3.0,2.0
882,1593,6,1992,1993,7,2,389,2,808,2790,178000,2.0,2.0,3.0,2.0
883,2230,4,1912,1950,10,1,440,1,954,2984,118500,2.0,3.0,0.0,1.0
884,892,5,1967,1967,5,1,288,1,892,2072,100000,2.0,2.0,0.0,2.0
885,1709,9,1999,2000,5,2,506,2,1709,3913,328900,3.0,3.0,3.0,3.0
886,1712,5,1959,2005,8,2,588,2,1712,3926,145000,2.0,2.0,0.0,3.0
887,1393,5,1955,1955,8,1,300,1,872,2509,135500,2.0,2.0,0.0,1.0
888,2217,8,1970,1970,8,2,621,2,2217,5055,268000,3.0,3.0,3.0,1.0
889,1505,6,1953,1953,6,1,505,2,1505,3515,149500,2.0,2.0,3.0,2.0
890,924,5,1949,2006,6,1,576,2,672,2172,122900,2.0,2.0,1.0,1.0
891,1683,6,1978,1978,7,2,440,2,918,3041,172500,2.0,2.0,3.0,2.0
892,1068,6,1963,2003,6,1,264,1,1068,2391,154500,2.0,2.0,0.0,2.0
893,1383,5,1954,1954,6,1,354,1,1383,3120,165000,2.0,2.0,4.0,1.0
894,1535,5,1979,1979,8,2,400,2,1535,1935,118858,2.0,2.0,0.0,1.0
895,1796,6,1963,1963,8,1,483,2,983,3059,140000,2.0,2.0,3.0,2.0
896,951,4,1936,1950,6,1,327,1,951,2229,106500,2.0,2.0,0.0,1.0
899,1236,5,1961,1994,6,1,288,1,1236,2436,135000,2.0,2.0,3.0,1.0
900,858,4,1971,1971,4,1,684,1,858,2400,110000,2.0,2.0,0.0,1.0
901,1306,5,1957,2000,5,1,756,1,1306,3054,153000,2.0,2.0,0.0,1.0
902,1509,7,2003,2003,8,2,393,2,807,2685,180000,3.0,3.0,4.0,3.0
903,1670,7,2006,2006,7,2,690,3,1670,4030,240000,3.0,3.0,4.0,2.0
904,902,5,1967,1967,6,1,288,1,902,2066,125500,2.0,2.0,0.0,1.0
905,1063,5,1954,1954,6,1,280,1,1063,2399,128000,2.0,2.0,0.0,2.0
906,1636,8,2006,2006,8,2,865,3,1636,4124,255000,3.0,3.0,4.0,2.0
907,2057,7,1936,1987,6,1,180,1,1020,3254,250000,3.0,3.0,4.0,3.0
908,902,5,1983,1983,5,1,484,2,902,2250,131000,2.0,2.0,0.0,1.0
909,1484,6,2005,2005,8,2,390,2,742,2616,174000,3.0,3.0,4.0,3.0
911,1268,5,1977,1989,5,1,252,1,1268,2788,143500,3.0,2.0,0.0,1.0
912,1015,5,1925,1950,6,1,450,1,1015,2233,88000,2.0,2.0,0.0,1.0
913,2002,5,1949,1950,8,2,871,3,1001,3874,145000,2.0,2.0,0.0,1.0
914,1224,6,2009,2009,4,2,528,2,612,2364,173733,3.0,3.0,0.0,2.0
915,1092,4,1970,1970,6,1,286,1,546,1924,75000,2.0,2.0,0.0,1.0
916,480,2,1949,1950,4,0,308,1,480,1268,35311,2.0,2.0,0.0,1.0
917,1229,4,1956,1956,6,1,284,1,1229,2647,135000,2.0,2.0,0.0,2.0
918,2127,7,1991,1991,8,2,833,3,912,4064,238000,3.0,3.0,3.0,2.0
919,1414,6,1958,2002,6,1,601,2,1414,3199,176500,2.0,4.0,3.0,1.0
920,1721,6,1994,1994,7,2,471,2,936,3120,201000,3.0,3.0,0.0,2.0
921,2200,5,1900,2003,9,2,0,0,1272,3472,145900,2.0,2.0,0.0,0.0
922,1316,6,2005,2006,6,2,397,2,1316,3029,169990,3.0,3.0,4.0,3.0
923,1617,6,1993,1994,5,2,533,2,1617,3754,193000,3.0,3.0,2.0,2.0
924,1686,6,1980,1980,7,2,612,2,1686,3984,207500,2.0,2.0,3.0,1.0
925,1126,5,1977,1977,6,2,540,2,1126,2792,175000,4.0,2.0,0.0,2.0
926,2374,8,2003,2004,10,2,656,3,1234,4211,285000,4.0,3.0,4.0,3.0
927,1978,7,1968,1968,9,2,486,2,1098,3296,176000,2.0,2.0,4.0,2.0
928,1788,8,2001,2001,7,2,522,2,1788,4063,236500,4.0,3.0,3.0,2.0
929,2236,7,1997,1997,8,2,642,2,993,3842,222000,3.0,2.0,3.0,3.0
930,1466,8,2007,2007,7,2,610,3,1466,3542,201000,3.0,3.0,0.0,3.0
931,925,5,1965,1965,5,1,429,1,925,2279,117500,2.0,2.0,0.0,1.0
932,1905,9,2006,2006,8,2,788,3,1905,4598,320000,4.0,4.0,4.0,3.0
933,1500,7,2004,2004,6,2,570,2,1500,3570,190000,3.0,3.0,0.0,2.0
934,2069,7,1960,2007,9,2,505,2,2069,3159,242000,3.0,2.0,4.0,2.0
935,747,4,1926,1953,5,1,528,2,747,1875,79900,2.0,2.0,0.0,1.0
936,1200,7,2003,2003,5,2,555,2,1200,2931,184900,3.0,3.0,0.0,2.0
937,1971,7,2005,2005,8,2,689,2,1113,3773,253000,3.0,3.0,4.0,2.0
938,1962,7,2006,2006,7,2,868,3,1391,4221,239799,3.0,3.0,0.0,2.0
939,2403,7,1940,1950,10,2,349,1,1207,3784,244400,2.0,2.0,3.0,1.0
940,1728,6,1976,1976,8,2,574,2,1728,4030,150900,2.0,2.0,0.0,1.0
941,2060,7,1999,1999,8,2,390,2,1022,3442,214000,3.0,3.0,3.0,2.0
942,1440,4,1977,1977,8,2,0,0,1440,2880,150000,2.0,2.0,0.0,0.0
943,1632,5,1967,1967,8,2,576,2,1632,3840,143000,2.0,2.0,0.0,1.0
944,1344,6,1958,1958,7,1,525,2,1344,2688,137500,3.0,2.0,4.0,2.0
945,1869,5,1890,1996,7,1,456,2,1188,3293,124900,2.0,2.0,0.0,1.0
946,1144,5,1959,1959,6,1,796,1,1144,3084,143000,2.0,2.0,3.0,2.0
947,1629,8,2002,2003,9,2,808,3,1629,4053,270000,3.0,3.0,4.0,3.0
948,1776,7,2002,2002,7,2,474,2,936,3186,192500,3.0,3.0,3.0,2.0
949,1381,6,1972,2006,5,1,676,2,1381,3218,197500,3.0,2.0,3.0,2.0
950,864,5,1950,2002,5,1,720,2,864,2448,129000,3.0,2.0,0.0,2.0
951,965,5,1965,1965,6,1,300,1,965,2093,119900,2.0,2.0,0.0,1.0
952,768,5,1972,2003,5,1,396,1,768,1932,133900,2.0,2.0,0.0,3.0
953,1968,5,1969,1969,7,2,530,2,1168,3282,172000,2.0,2.0,1.0,2.0
954,980,6,1975,1975,4,2,0,0,980,1925,127500,2.0,2.0,0.0,0.0
955,1958,6,1946,1950,8,2,492,2,979,3429,145000,2.0,2.0,0.0,1.0
956,1229,6,1980,1980,5,1,462,2,561,2252,124000,2.0,2.0,3.0,3.0
957,1057,5,1962,1962,6,1,576,2,1057,2690,132000,2.0,2.0,0.0,3.0
958,1337,7,2003,2003,6,2,531,2,1337,3205,185000,3.0,3.0,0.0,2.0
959,1416,7,1999,1999,6,2,484,2,696,2596,155000,3.0,3.0,0.0,1.0
960,858,5,1958,2008,4,1,0,0,858,1716,116500,2.0,2.0,0.0,0.0
962,1548,6,1976,1976,7,2,440,2,804,2792,155000,3.0,2.0,3.0,1.0
963,1800,9,2007,2007,7,2,702,2,1800,4302,239000,4.0,3.0,0.0,3.0
964,1894,7,2002,2003,8,2,510,2,824,3221,214900,3.0,3.0,4.0,3.0
965,1484,6,2005,2007,8,2,393,2,783,2660,178900,3.0,3.0,4.0,3.0
966,1308,5,1940,1950,7,1,256,1,976,2292,160000,2.0,3.0,3.0,1.0
967,1098,5,1955,1955,6,1,260,1,1098,2456,135000,2.0,2.0,0.0,1.0
968,968,3,1910,1950,6,1,0,0,600,1568,37900,2.0,2.0,0.0,0.0
969,1095,6,1958,1958,6,1,264,1,1095,1947,140000,2.0,2.0,0.0,2.0
970,1192,4,1949,1950,6,1,0,0,720,1912,135000,2.0,2.0,0.0,0.0
971,1626,7,2003,2004,6,2,474,2,764,2864,173000,3.0,3.0,0.0,2.0
972,918,6,1979,1979,5,2,264,1,918,2100,99500,2.0,2.0,3.0,1.0
973,1428,7,2007,2008,6,2,480,2,1428,3336,182000,3.0,3.0,0.0,3.0
974,2019,7,1910,1993,8,1,532,2,1136,3279,167500,3.0,2.0,0.0,1.0
975,1382,7,2000,2000,6,2,490,2,673,2545,165000,3.0,3.0,0.0,1.0
976,869,4,1923,1958,4,1,0,0,869,1309,85500,1.0,2.0,0.0,0.0
977,1241,7,2006,2007,4,1,569,2,1241,3051,199900,3.0,3.0,0.0,3.0
978,894,4,1954,1954,5,1,400,2,894,2188,110000,2.0,2.0,0.0,1.0
979,1121,5,1963,1963,5,1,480,2,1121,2722,139000,2.0,2.0,0.0,1.0
980,999,7,1961,2007,6,1,588,2,999,2531,178400,4.0,4.0,0.0,2.0
981,2612,8,1998,1999,8,2,676,3,1276,4513,336000,3.0,3.0,3.0,3.0
982,1266,7,2007,2007,6,2,388,2,1266,2920,159895,3.0,3.0,4.0,3.0
983,2290,8,2002,2002,9,2,779,2,1149,4197,255900,3.0,3.0,4.0,1.0
984,1734,5,1977,1977,8,2,539,2,1302,2273,126000,3.0,2.0,0.0,1.0
985,1164,5,1950,1950,5,1,240,1,1164,2568,125000,2.0,2.0,0.0,1.0
986,1635,6,1910,2003,5,1,255,1,1001,2375,117000,3.0,2.0,0.0,1.0
987,1940,9,2009,2010,8,2,606,3,1940,4476,395192,4.0,4.0,4.0,3.0
988,2030,6,1976,1976,8,2,551,2,1118,3429,195000,3.0,2.0,3.0,3.0
989,1576,7,2006,2006,6,2,614,2,778,2960,197000,3.0,3.0,0.0,2.0
990,2392,8,1997,1998,7,2,870,3,1407,4658,348000,3.0,3.0,3.0,3.0
991,1742,8,1882,1986,8,1,424,2,916,3082,168000,3.0,3.0,4.0,1.0
992,1851,6,1964,1993,7,2,440,2,1020,3113,187000,3.0,2.0,2.0,2.0
993,1500,6,2005,2006,6,2,564,2,750,2814,173900,3.0,2.0,0.0,2.0
994,1718,10,2006,2007,7,2,786,3,1718,4204,337500,4.0,4.0,4.0,3.0
995,1230,4,1946,1950,5,1,305,1,774,2282,121600,2.0,2.0,0.0,1.0
996,1050,5,1961,1961,6,1,368,1,1050,2468,136500,2.0,2.0,0.0,1.0
997,1442,6,1970,1970,6,2,615,2,1442,3499,185000,2.0,2.0,3.0,2.0
998,1077,3,1922,1950,6,1,210,1,1077,2294,91000,2.0,2.0,4.0,1.0
999,1208,7,2006,2006,6,2,632,2,1208,3027,206000,3.0,3.0,0.0,2.0
1000,944,3,1952,1952,4,1,528,2,944,1472,82000,1.0,2.0,0.0,1.0
1001,691,5,1920,1950,4,1,216,1,691,1598,86000,4.0,2.0,0.0,1.0
1002,1574,8,2006,2006,7,2,824,3,1574,3972,232000,3.0,3.0,4.0,2.0
1003,1680,5,1976,1976,8,2,528,2,1680,3888,136905,2.0,2.0,0.0,1.0
1004,1504,7,2005,2006,7,2,457,2,1504,3307,181000,3.0,3.0,4.0,3.0
1005,985,5,1977,1977,6,2,328,1,985,2298,149900,2.0,3.0,0.0,1.0
1006,1657,6,1970,1970,7,2,484,2,1657,3798,163500,2.0,2.0,3.0,1.0
1007,1092,4,1970,1970,6,1,286,1,546,1924,88000,2.0,2.0,0.0,2.0
1008,1710,7,2004,2005,7,2,550,2,1710,3970,240000,3.0,3.0,4.0,3.0
1009,1522,5,1926,1950,7,2,0,0,1008,2016,102000,2.0,2.0,0.0,0.0
1010,1271,5,1948,1950,7,2,312,1,720,2303,135000,2.0,2.0,4.0,1.0
1011,1664,5,1965,1965,8,2,0,0,1664,1664,100000,2.0,2.0,0.0,0.0
1012,1502,6,1923,1996,7,1,180,1,900,2284,165000,3.0,2.0,3.0,1.0
1013,1022,5,1910,2006,4,1,280,1,1022,2324,85000,2.0,2.0,0.0,1.0
1014,1082,6,1948,1950,5,1,240,1,1082,2404,119200,2.0,2.0,4.0,1.0
1015,1665,8,2001,2001,6,2,528,2,810,3003,227000,3.0,3.0,0.0,3.0
1016,1504,7,1996,1996,6,2,478,2,1504,3486,203000,3.0,3.0,3.0,3.0
1017,1360,8,1984,1984,4,1,565,2,1360,3145,187500,3.0,3.0,5.0,2.0
1018,1472,7,1991,1992,7,2,402,2,802,2258,160000,3.0,3.0,3.0,2.0
1019,1506,7,2005,2005,6,2,440,2,1506,3308,213490,3.0,3.0,4.0,3.0
1020,1132,4,2005,2005,5,1,451,2,1132,2715,176000,3.0,2.0,0.0,3.0
1021,1220,7,2006,2006,6,2,632,2,1220,3051,194000,3.0,3.0,0.0,2.0
1022,1248,5,1930,1950,6,1,160,1,912,2320,87000,2.0,2.0,0.0,1.0
1023,1504,7,2005,2006,7,2,437,2,1504,3287,191000,3.0,3.0,4.0,3.0
1024,2898,8,1976,1976,10,2,665,2,2898,5128,287000,3.0,3.0,4.0,3.0
1025,882,5,1972,1972,5,1,461,2,882,2225,112500,2.0,2.0,0.0,1.0
1026,1264,5,1960,1960,6,1,461,2,1264,2993,167500,2.0,2.0,4.0,1.0
1027,1646,8,2007,2008,7,2,800,3,1646,4084,293077,3.0,3.0,4.0,2.0
1028,1376,5,1941,1950,6,1,240,1,968,2384,105000,2.0,2.0,4.0,1.0
1029,1218,6,1972,1972,7,1,264,1,672,2154,118000,2.0,2.0,0.0,1.0
1030,1928,5,1916,1995,10,2,0,0,948,2614,160000,2.0,2.0,0.0,0.0
1032,2520,8,1993,1993,10,2,796,3,1352,4654,310000,3.0,3.0,3.0,2.0
1033,1654,7,2002,2002,6,2,900,3,1654,4208,230000,3.0,3.0,0.0,1.0
1034,954,5,1938,1950,5,1,240,1,954,2114,119750,1.0,2.0,4.0,1.0
1035,845,4,1957,1957,5,1,290,1,845,1135,84000,2.0,2.0,0.0,1.0
1036,1620,9,2007,2008,6,2,912,3,1620,4152,315500,4.0,3.0,5.0,3.0
1037,2263,8,2001,2002,7,2,905,2,1055,4223,287000,3.0,3.0,3.0,3.0
1038,1344,4,1970,2008,6,1,0,0,798,1890,97000,2.0,2.0,3.0,0.0
1039,630,4,1970,1970,3,1,286,1,630,1546,80000,2.0,2.0,0.0,1.0
1040,1803,5,1957,2000,8,2,484,2,1803,3421,155000,2.0,2.0,3.0,2.0
1041,1632,6,1966,2000,7,1,484,2,800,2916,173000,3.0,2.0,0.0,1.0
1042,1306,6,2005,2005,5,2,624,2,1306,3236,196000,3.0,3.0,4.0,2.0
1043,2329,7,1990,1990,10,2,514,2,1532,4318,262280,3.0,2.0,5.0,1.0
1044,2524,8,1981,1981,9,2,542,2,2524,5590,278000,3.0,3.0,4.0,3.0
1045,1733,3,1955,1955,8,2,452,2,1733,2185,139600,2.0,2.0,4.0,1.0
1047,990,5,1994,1995,5,1,672,2,990,2652,145000,2.0,2.0,0.0,1.0
1048,1771,5,1960,2006,9,1,336,2,1771,2107,115000,2.0,2.0,3.0,1.0
1049,930,4,1946,2006,6,1,308,1,930,1238,84900,3.0,2.0,0.0,1.0
1050,1302,7,2007,2007,6,2,436,2,1302,3040,176485,3.0,3.0,0.0,3.0
1051,1316,7,2007,2007,6,2,440,2,1316,3072,200141,3.0,3.0,4.0,3.0
1052,1977,6,1964,1978,9,1,540,2,1127,3333,165000,2.0,2.0,3.0,2.0
1053,1526,5,1957,2002,7,1,364,1,1526,3106,144500,2.0,2.0,4.0,1.0
1054,1989,8,2002,2002,7,2,586,2,1091,3640,255000,3.0,3.0,4.0,3.0
1055,1523,6,1976,1976,7,2,478,2,1523,3194,180000,2.0,2.0,3.0,3.0
1056,1364,7,2005,2005,6,2,484,2,1364,3212,185850,3.0,3.0,4.0,2.0
1057,1850,7,1994,1994,7,2,467,2,979,3290,248000,3.0,3.0,4.0,3.0
1058,2184,9,2008,2008,10,2,836,3,1130,4124,335000,4.0,4.0,4.0,3.0
1059,1991,6,1932,1950,7,1,432,2,1096,3277,220000,2.0,2.0,4.0,1.0
1060,1338,8,2001,2001,6,2,582,2,1338,3258,213500,3.0,3.0,0.0,3.0
1061,894,3,1935,1950,6,1,1248,3,894,3036,81000,2.0,1.0,0.0,2.0
1062,2337,5,1900,1950,10,2,560,2,1422,3559,90000,2.0,2.0,0.0,1.0
1063,1103,6,1925,1980,5,1,440,2,1103,2646,110500,3.0,2.0,4.0,1.0
1064,1154,5,1966,1966,6,1,480,2,1154,2788,154000,2.0,2.0,1.0,2.0
1065,2260,7,1996,1997,7,2,533,2,1306,4099,328000,3.0,3.0,0.0,2.0
1066,1571,6,1993,1994,7,2,380,2,799,2750,178000,2.0,3.0,3.0,2.0
1067,1611,6,1964,1964,7,1,442,2,798,2833,167900,2.0,2.0,0.0,2.0
1068,2521,6,1973,1973,10,2,576,2,1291,4039,151400,2.0,2.0,4.0,3.0
1069,893,5,1949,2003,4,1,576,2,893,2314,135000,3.0,2.0,0.0,1.0
1070,1048,5,1956,1956,6,1,286,1,1048,2382,135000,2.0,2.0,0.0,1.0
1071,1556,6,1968,1968,8,1,441,2,829,2724,154000,2.0,2.0,0.0,1.0
1072,1456,5,1948,1950,7,1,280,1,1002,2546,91500,2.0,2.0,3.0,1.0
1073,1426,6,1977,1977,6,1,440,2,698,2556,159500,2.0,2.0,0.0,3.0
1074,1240,7,2006,2006,5,2,826,3,1240,3306,194000,3.0,3.0,0.0,2.0
1075,1740,7,1940,1984,6,1,240,1,960,2780,219500,2.0,2.0,4.0,1.0
1076,1466,5,1936,1989,7,2,566,2,1096,2828,170000,3.0,2.0,3.0,1.0
1077,1096,5,1969,1969,6,1,299,1,1096,2491,138800,2.0,2.0,0.0,3.0
1078,848,6,2004,2004,3,1,420,2,848,2116,155900,3.0,3.0,4.0,2.0
1079,990,5,1994,1994,5,1,299,1,990,2279,126000,2.0,2.0,0.0,1.0
1080,1258,6,1971,2004,5,2,528,2,1258,3044,145000,3.0,3.0,0.0,2.0
1081,1040,5,1963,1963,5,1,308,1,1040,2388,133000,2.0,2.0,0.0,3.0
1082,1459,7,2002,2002,6,2,527,2,1459,3445,192000,3.0,3.0,4.0,2.0
1083,1251,6,1964,1964,6,1,461,1,1251,2963,160000,2.0,2.0,4.0,2.0
1084,1498,6,1995,1996,6,2,409,2,691,2598,187500,2.0,2.0,3.0,3.0
1085,996,6,1992,1992,5,1,564,2,996,2496,147000,3.0,2.0,0.0,1.0
1086,1092,4,1973,1973,6,1,286,1,546,1924,83500,2.0,2.0,0.0,2.0
1087,1953,8,2005,2006,9,2,1043,3,1082,4078,252000,3.0,3.0,4.0,2.0
1088,1709,7,2004,2004,7,2,380,2,970,3059,137500,3.0,3.0,0.0,1.0
1089,1247,8,2005,2005,4,1,550,2,1247,3044,197000,3.0,3.0,4.0,3.0
1090,1040,3,1950,1950,6,2,400,2,1040,1440,92900,2.0,2.0,0.0,1.0
1091,1252,7,1999,2000,4,2,462,2,624,2314,160000,3.0,3.0,0.0,1.0
1092,1694,6,1925,1950,7,2,576,2,1390,3451,136500,2.0,2.0,4.0,1.0
1093,1200,5,1965,1998,6,1,884,2,1200,2948,146000,3.0,2.0,0.0,1.0
1094,936,5,1956,2000,4,1,308,1,936,2180,129000,2.0,2.0,0.0,3.0
1095,1314,6,2006,2006,6,2,440,2,1314,3068,176432,3.0,3.0,4.0,2.0
1096,1355,6,1914,2006,7,1,0,0,773,2039,127000,3.0,2.0,0.0,0.0
1097,1088,8,1986,1986,5,1,461,2,1088,2623,170000,3.0,3.0,0.0,2.0
1098,1324,4,1936,1950,6,1,240,1,757,2236,128000,2.0,2.0,0.0,1.0
1099,1601,7,1978,1978,7,2,478,2,1601,3350,157000,2.0,2.0,3.0,2.0
1100,438,2,1920,1950,3,1,246,1,438,974,60000,1.0,2.0,0.0,1.0
1101,950,5,1971,1971,5,1,280,1,950,2180,119500,2.0,2.0,0.0,1.0
1102,1134,5,1960,2002,6,1,254,1,1134,2398,135000,2.0,2.0,0.0,2.0
1103,1194,6,1959,1959,6,1,539,2,1194,2388,159500,2.0,2.0,2.0,3.0
1104,1302,5,1970,1970,6,2,440,2,630,2372,106000,2.0,2.0,0.0,1.0
1105,2622,8,1994,1995,9,2,712,2,1500,4797,325000,3.0,3.0,3.0,2.0
1106,1442,7,1990,1991,6,2,719,2,1442,3071,179900,3.0,3.0,3.0,3.0
1107,2021,7,2006,2006,9,2,422,2,887,3311,274725,3.0,3.0,4.0,2.0
1108,1690,6,2000,2000,7,2,463,2,948,3077,181000,2.0,2.0,3.0,2.0
1109,1836,8,2004,2005,7,2,862,3,1836,4534,280000,3.0,3.0,4.0,3.0
1110,1658,6,1995,1996,8,2,431,2,773,2862,188000,2.0,2.0,3.0,3.0
1111,1964,7,1976,1976,8,2,483,2,1098,3250,205000,2.0,2.0,4.0,2.0
1112,816,5,1957,1957,5,1,308,1,816,1940,129900,2.0,2.0,0.0,1.0
1113,1008,5,1953,2006,6,1,240,1,1008,2256,134500,3.0,2.0,0.0,1.0
1114,833,5,1954,2000,4,1,326,1,833,1992,117000,3.0,2.0,0.0,1.0
1115,1734,8,2007,2007,7,2,928,3,1734,4396,318000,4.0,3.0,4.0,2.0
1116,1419,8,2002,2002,7,2,527,2,779,2354,184100,3.0,3.0,3.0,3.0
1117,894,5,1967,2003,5,1,450,2,894,2238,130000,3.0,2.0,0.0,2.0
1118,1601,5,1958,1987,6,1,300,1,1021,2434,140000,2.0,2.0,0.0,2.0
1119,1040,5,1959,1959,6,1,286,1,1040,2366,133700,2.0,2.0,0.0,2.0
1120,1012,6,1920,1950,6,1,308,1,1012,2332,118400,2.0,2.0,4.0,1.0
1121,1552,7,2005,2006,7,2,782,3,1552,3886,212900,3.0,3.0,0.0,2.0
1122,960,4,1956,1956,5,1,288,1,960,1920,112000,2.0,2.0,0.0,1.0
1123,698,5,1947,2008,4,1,0,0,698,1396,118000,2.0,2.0,0.0,0.0
1124,1482,7,1992,1992,7,2,392,2,812,2258,163900,3.0,2.0,3.0,3.0
1125,1005,4,1955,1955,5,1,672,2,1005,2682,115000,1.0,2.0,3.0,1.0
1126,1555,7,2007,2007,7,2,660,3,1555,3588,174000,3.0,3.0,3.0,3.0
1127,1530,7,2004,2004,7,2,630,3,1530,3690,259000,3.0,3.0,4.0,3.0
1128,1959,7,2004,2005,8,2,434,2,847,3240,215000,3.0,3.0,4.0,3.0
1129,936,5,1980,1980,4,1,672,2,936,2544,140000,2.0,2.0,0.0,1.0
1130,1981,4,1928,1950,7,2,576,2,1328,3679,135000,3.0,2.0,3.0,1.0
1131,974,5,1991,1992,5,1,0,0,974,1948,93500,2.0,2.0,0.0,0.0
1132,2210,6,1880,1950,8,2,205,1,1178,3423,117500,1.0,2.0,0.0,1.0
1133,2020,8,1995,1995,8,2,466,2,1142,3614,239500,3.0,3.0,3.0,2.0
1134,1600,6,1997,1997,7,2,460,2,916,2976,169000,2.0,2.0,3.0,3.0
1135,986,6,1926,1950,5,1,180,1,986,2126,102000,2.0,2.0,4.0,1.0
1136,1252,6,1950,1950,6,1,288,1,1032,2572,119000,2.0,2.0,0.0,1.0
1137,1020,5,1875,1996,6,1,0,0,780,1800,94000,2.0,2.0,0.0,0.0
1138,1567,6,1977,1977,5,2,714,2,1567,3848,196000,3.0,2.0,3.0,2.0
1139,1167,5,1920,1950,6,1,495,2,1167,2577,144000,2.0,2.0,4.0,1.0
1140,952,5,1951,1951,4,1,840,2,952,2744,139000,2.0,2.0,0.0,1.0
1141,1868,5,1976,1976,9,2,484,2,1088,3132,197500,3.0,2.0,3.0,1.0
1143,1006,5,1959,1959,5,1,0,0,1006,2012,80000,2.0,2.0,0.0,0.0
1144,924,4,1941,1950,5,1,280,1,672,1876,80000,1.0,2.0,0.0,1.0
1145,1576,5,1928,1950,8,1,225,1,1042,2843,149000,2.0,2.0,4.0,1.0
1146,1298,6,1985,1985,5,2,403,2,1298,2999,180000,3.0,3.0,3.0,1.0
1147,1564,7,1941,1950,7,1,234,1,860,2502,174500,1.0,2.0,4.0,1.0
1148,1111,7,1926,1950,5,1,288,1,572,1971,116900,2.0,2.0,4.0,1.0
1149,1482,7,1920,1988,7,1,324,2,832,2456,143000,2.0,2.0,0.0,1.0
1150,932,6,1950,1950,4,1,306,1,932,2170,124000,3.0,2.0,4.0,1.0
1151,1466,5,1959,1959,6,1,528,2,1466,3460,149900,1.0,2.0,4.0,3.0
1152,1811,6,1956,2004,6,1,470,2,1811,3354,230000,4.0,2.0,4.0,3.0
1153,816,6,1930,2007,5,1,432,1,816,2064,120500,2.0,3.0,0.0,1.0
1154,1820,7,1965,1988,8,1,492,2,902,3176,201800,3.0,2.0,4.0,1.0
1155,1437,5,1976,2004,6,2,528,2,1437,3402,218000,3.0,3.0,2.0,2.0
1156,1265,5,1965,1999,6,2,502,2,1265,2986,179900,3.0,2.0,4.0,2.0
1157,1314,7,2007,2008,6,2,626,2,1314,3254,230000,3.0,3.0,4.0,2.0
1158,1580,8,2007,2008,7,2,830,3,1580,3990,235128,3.0,3.0,0.0,2.0
1159,1876,6,1974,1974,8,2,540,2,943,3317,185000,3.0,3.0,3.0,2.0
1160,1456,6,1978,1978,7,2,440,2,855,2751,146000,2.0,2.0,3.0,1.0
1161,1640,6,1954,2006,7,1,924,2,1640,3860,224000,3.0,3.0,4.0,1.0
1162,894,5,1968,1968,5,1,450,2,894,2238,129000,2.0,2.0,1.0,3.0
1163,1258,4,1969,1969,6,0,400,2,1258,2856,108959,2.0,2.0,0.0,1.0
1164,1432,5,1978,1978,5,1,588,2,1432,3380,194000,3.0,2.0,3.0,1.0
1165,1502,7,2009,2009,7,2,644,2,1502,3648,233170,3.0,3.0,0.0,2.0
1166,1694,8,2008,2008,7,2,776,3,1694,4164,245350,3.0,3.0,0.0,2.0
1167,1671,6,2000,2000,7,2,472,2,959,3102,173000,2.0,2.0,3.0,3.0
1168,2108,6,1935,1986,7,2,540,2,1236,3775,235000,3.0,2.0,3.0,1.0
1170,1118,6,1977,1977,6,1,358,1,1118,2572,171000,2.0,2.0,1.0,3.0
1171,1261,6,1958,1958,6,1,433,2,1261,2955,163000,2.0,2.0,3.0,2.0
1172,1250,7,2006,2007,5,2,625,2,625,2500,171900,3.0,3.0,0.0,3.0
1174,2345,6,1932,1950,9,2,360,2,1170,3657,239000,2.0,2.0,4.0,1.0
1175,2872,8,1992,2000,9,2,541,2,2129,5096,285000,3.0,3.0,3.0,3.0
1176,923,5,1984,1985,5,1,264,1,923,2063,119500,2.0,2.0,0.0,1.0
1177,1224,6,1926,2004,5,1,210,1,818,2252,115000,2.0,2.0,0.0,1.0
1178,1343,5,1921,1950,7,1,186,1,820,2260,154900,2.0,2.0,4.0,1.0
1179,1124,5,1954,1954,5,1,0,0,1124,1124,93000,2.0,2.0,4.0,0.0
1180,2514,7,1990,1991,8,2,693,2,1298,4423,250000,2.0,2.0,0.0,3.0
1181,1652,8,2008,2008,5,2,482,2,1652,3734,392500,3.0,4.0,4.0,3.0
1183,1130,5,1920,1950,5,1,720,2,1130,2970,120000,2.0,2.0,4.0,1.0
1184,1572,5,1963,1963,5,1,995,3,1572,4139,186700,2.0,2.0,3.0,2.0
1185,1221,5,1924,1950,7,1,392,1,949,2397,104900,2.0,2.0,0.0,1.0
1186,1699,3,1900,1970,7,2,420,2,1014,3097,95000,2.0,2.0,0.0,1.0
1187,1624,8,1994,1995,5,2,757,3,1624,4005,262000,3.0,3.0,2.0,2.0
1188,1660,7,2002,2002,7,2,493,2,831,2984,195000,3.0,3.0,0.0,2.0
1189,1804,7,1999,1999,7,2,442,2,1028,3240,189000,3.0,2.0,3.0,3.0
1191,1441,8,1999,2000,5,2,492,2,764,2709,174000,3.0,3.0,0.0,1.0
1192,1472,5,1925,1994,6,1,250,1,842,2424,125000,3.0,2.0,0.0,1.0
1193,1224,6,1999,1999,5,2,402,2,1224,2850,165000,2.0,2.0,0.0,3.0
1194,1352,6,1969,1969,7,1,299,1,663,2314,158000,2.0,2.0,0.0,3.0
1195,1456,6,2005,2005,8,2,400,2,728,2584,176000,3.0,2.0,0.0,3.0
1196,1863,7,2006,2006,9,2,660,3,879,3402,219210,3.0,3.0,4.0,3.0
1197,1690,7,1916,1950,7,1,225,1,815,2730,144000,2.0,2.0,4.0,1.0
1198,1212,7,2001,2001,6,2,573,2,1212,2997,178000,3.0,3.0,0.0,2.0
1199,1382,4,1963,1979,6,1,459,2,1382,2892,148000,2.0,2.0,1.0,1.0
1200,864,4,1970,1970,5,1,280,1,864,2008,116050,2.0,2.0,0.0,1.0
1201,1779,7,1998,1998,6,2,546,2,866,3191,197900,3.0,2.0,0.0,2.0
1202,1348,5,1925,1997,5,1,216,1,884,2448,117000,2.0,2.0,2.0,1.0
1203,1630,7,2000,2001,6,2,451,2,1630,3711,213000,3.0,3.0,3.0,1.0
1204,1074,5,1975,1975,6,1,495,2,1074,2625,153500,2.0,2.0,0.0,2.0
1205,2196,7,1990,1991,7,2,701,3,2196,5055,271900,3.0,3.0,3.0,2.0
1206,1056,4,1966,1966,5,1,384,1,1056,2496,107000,2.0,2.0,0.0,1.0
1207,1700,6,2003,2003,7,2,544,2,1700,3926,200000,3.0,3.0,0.0,2.0
1208,1283,5,1962,1980,6,1,506,2,1283,2720,140000,2.0,2.0,0.0,1.0
1209,1660,8,2006,2006,8,2,500,2,1660,3820,290000,3.0,3.0,4.0,2.0
1210,1845,6,1992,1992,8,2,462,2,1055,3362,189000,3.0,3.0,3.0,2.0
1211,1752,8,1988,2005,8,2,492,2,1080,2803,164000,2.0,3.0,0.0,2.0
1212,672,4,1941,1950,4,1,234,1,672,1578,113000,2.0,2.0,0.0,1.0
1213,960,4,1965,2001,3,0,364,1,960,1972,145000,2.0,2.0,0.0,1.0
1214,999,5,1962,1962,6,1,300,1,999,2224,134500,2.0,2.0,0.0,1.0
1215,894,5,1966,1966,5,1,384,1,894,2172,125000,2.0,2.0,0.0,2.0
1216,1902,6,1978,1978,8,2,539,2,1318,2441,112000,2.0,2.0,0.0,1.0
1217,1314,8,2009,2009,6,2,552,2,1314,3166,229456,3.0,3.0,0.0,2.0
1218,912,4,1947,1950,3,1,0,0,672,912,80500,2.0,2.0,0.0,0.0
1219,1218,6,1971,1971,7,1,0,0,672,1890,91500,2.0,2.0,0.0,0.0
1220,912,5,1964,1964,5,1,288,1,912,2112,115000,2.0,2.0,0.0,1.0
1221,1211,5,1968,1968,5,1,322,1,1211,2485,134000,2.0,2.0,3.0,1.0
1222,1846,6,1949,1950,7,2,315,1,1168,3201,143000,2.0,2.0,4.0,1.0
1223,2136,5,1951,1951,7,2,528,2,2136,4800,137900,2.0,2.0,0.0,1.0
1224,1490,7,2004,2005,8,2,388,2,788,2666,184000,3.0,3.0,4.0,3.0
1225,1138,6,1958,1958,6,1,264,1,1138,1990,145000,2.0,2.0,0.0,2.0
1226,1933,6,2007,2007,9,2,668,3,894,3495,214000,3.0,3.0,4.0,3.0
1227,912,5,1965,2008,5,1,576,2,912,2400,147000,3.0,2.0,0.0,1.0
1228,1702,9,2008,2008,7,1,1052,3,1702,4456,367294,4.0,4.0,4.0,3.0
1229,1507,5,1960,1960,7,2,404,1,1507,2986,127000,2.0,2.0,0.0,1.0
1231,1190,5,1962,1962,6,1,540,2,1190,2836,132500,2.0,2.0,0.0,1.0
1232,1224,4,1962,1962,6,2,462,2,1224,1686,101800,2.0,2.0,0.0,1.0
1233,1188,5,1959,1959,6,1,531,2,1188,2907,142000,2.0,2.0,0.0,2.0
1234,1964,5,1911,1950,7,1,0,0,1024,2904,130000,2.0,2.0,0.0,0.0
1235,1784,5,1914,1950,9,1,180,1,892,2711,138887,2.0,2.0,0.0,1.0
1236,1626,7,2003,2003,6,2,474,2,764,2864,175500,3.0,3.0,0.0,2.0
1237,1948,7,2004,2005,8,2,434,2,847,3229,195000,3.0,3.0,4.0,3.0
1238,1141,6,2005,2005,6,1,484,2,1141,2766,142500,2.0,3.0,0.0,1.0
1239,1484,8,2006,2006,6,2,472,2,1484,3432,265900,4.0,3.0,4.0,2.0
1240,1768,7,2003,2003,8,2,543,2,884,3195,224900,3.0,3.0,0.0,2.0
1241,1689,7,2007,2007,7,2,954,3,1689,4332,248328,3.0,3.0,0.0,2.0
1242,1173,7,1974,1974,6,2,528,2,1173,2754,170000,3.0,2.0,3.0,2.0
1243,2076,10,2006,2006,7,2,850,3,2076,5002,465000,4.0,4.0,4.0,3.0
1244,1517,8,1929,1950,7,1,400,2,792,2709,230000,3.0,2.0,4.0,1.0
1245,1868,6,1984,2003,7,3,477,2,1140,2930,178000,2.0,2.0,3.0,3.0
1246,1553,7,2005,2006,6,2,615,2,756,2924,186500,3.0,3.0,0.0,2.0
1247,1034,6,1976,1976,6,1,888,3,1034,2934,169900,2.0,2.0,0.0,1.0
1248,2058,6,1917,1950,8,1,396,2,1134,3189,129500,2.0,2.0,4.0,1.0
1249,988,5,1950,1950,6,1,276,1,988,2140,119000,2.0,2.0,0.0,1.0
1250,2110,7,1968,1968,8,2,522,2,2110,4742,244000,4.0,3.0,3.0,3.0
1251,1405,7,2003,2003,6,2,478,2,1405,3288,171750,3.0,3.0,4.0,2.0
1252,874,5,1968,1968,5,1,288,1,874,2026,130000,2.0,2.0,0.0,2.0
1253,2167,7,1974,2003,9,2,518,2,1516,3877,294000,3.0,3.0,4.0,2.0
1254,1656,7,2003,2004,7,2,397,2,760,2799,165400,3.0,3.0,4.0,3.0
1255,1367,6,1931,1950,6,1,560,1,959,2811,127500,2.0,2.0,4.0,1.0
1256,1987,8,1994,1994,7,2,691,2,1987,4664,301500,3.0,3.0,3.0,3.0
1257,864,5,1922,1950,4,1,0,0,864,1728,99900,2.0,2.0,0.0,0.0
1258,1166,7,2005,2005,5,2,400,2,1166,2422,190000,3.0,3.0,0.0,3.0
1259,1054,6,1969,1969,6,1,460,2,1054,2568,151000,2.0,2.0,0.0,1.0
1260,1675,6,1999,1999,7,2,502,2,892,3018,181000,2.0,2.0,3.0,3.0
1261,1050,5,1956,1956,5,1,338,1,1050,2438,128900,2.0,2.0,0.0,1.0
1262,1788,4,1957,1989,8,1,304,1,1104,3196,161500,2.0,2.0,3.0,1.0
1263,1824,6,1919,1950,8,1,520,2,1060,3108,180500,2.0,2.0,4.0,1.0
1264,1337,6,1998,1999,5,2,511,2,1337,3253,181000,3.0,3.0,0.0,3.0
1265,1452,7,1999,1999,6,2,506,2,713,2649,183900,3.0,3.0,0.0,1.0
1266,1889,7,1910,1950,9,1,308,1,964,3122,122000,2.0,1.0,4.0,1.0
1267,2018,9,2008,2009,10,2,746,3,2018,4766,378500,4.0,4.0,4.0,3.0
1269,1524,5,1958,1958,7,1,315,1,874,2713,144000,2.0,2.0,0.0,1.0
1270,1524,7,1979,1979,4,0,586,2,1332,3442,260000,3.0,3.0,3.0,3.0
1271,1489,6,1968,1968,7,2,462,2,1489,3440,185750,3.0,2.0,4.0,2.0
1272,935,5,1965,1965,5,1,288,1,935,2158,137000,2.0,2.0,0.0,1.0
1273,1357,6,1959,2006,5,1,312,1,1357,2688,177000,4.0,2.0,4.0,2.0
1274,1250,5,1910,2003,8,2,552,2,661,2463,139000,2.0,2.0,4.0,1.0
1275,1920,5,1948,1950,10,2,400,2,928,3248,137000,2.0,2.0,0.0,1.0
1276,1395,6,1972,1972,6,1,497,2,735,2615,162000,2.0,2.0,3.0,1.0
1277,1724,6,1967,1976,7,1,480,2,1724,3884,197900,2.0,2.0,4.0,2.0
1278,2031,8,2002,2002,7,2,577,2,1128,3736,237000,3.0,3.0,4.0,2.0
1279,1128,4,1920,1950,6,1,528,2,698,2354,68400,2.0,2.0,0.0,2.0
1280,1573,7,2002,2002,6,2,544,2,1573,3690,227000,3.0,3.0,0.0,2.0
1281,1339,7,1990,1990,6,2,484,2,1339,3132,180000,2.0,2.0,3.0,3.0
1282,1040,5,1977,2008,5,2,484,2,1040,2564,150500,3.0,2.0,0.0,1.0
1283,1824,6,1971,1971,8,2,0,0,912,2736,139000,2.0,2.0,0.0,0.0
1284,2447,6,1919,1990,10,2,336,1,1699,3587,169000,3.0,2.0,4.0,1.0
1285,1412,6,1939,1950,6,1,280,1,825,2472,132500,2.0,2.0,4.0,1.0
1286,1328,6,1963,1963,6,1,528,2,1328,3184,143000,2.0,2.0,4.0,1.0
1287,1582,5,1964,1964,7,2,390,2,1582,3596,190000,2.0,2.0,0.0,1.0
1288,1659,8,2000,2000,5,2,499,2,1659,3659,278000,4.0,3.0,5.0,3.0
1289,1970,8,2006,2006,8,2,753,3,1120,3808,281000,4.0,3.0,4.0,3.0
1290,1152,5,1964,1964,6,1,484,2,1152,2788,180500,2.0,2.0,4.0,2.0
1291,1302,5,1972,1972,6,2,264,1,630,2196,119500,2.0,2.0,0.0,1.0
1293,1664,7,1976,1976,8,2,528,2,832,3024,162900,2.0,2.0,3.0,2.0
1294,864,5,1955,1990,5,1,572,2,864,2300,115000,2.0,2.0,0.0,1.0
1295,1052,5,1968,1968,5,1,288,1,1052,2392,138500,2.0,2.0,0.0,2.0
1296,1128,5,1963,1963,6,2,525,2,1128,2773,155000,2.0,2.0,0.0,2.0
1297,1072,6,2005,2006,5,2,525,2,1072,2144,140000,2.0,2.0,0.0,3.0
1299,1246,5,1959,1994,6,1,305,1,1246,2797,154000,3.0,2.0,0.0,2.0
1300,1983,7,1999,1999,9,2,490,2,1005,3451,225000,3.0,3.0,3.0,3.0
1301,1494,6,1942,1950,7,1,213,1,753,2478,177500,3.0,2.0,4.0,1.0
1302,2526,8,1994,1994,8,2,844,3,1203,4535,290000,3.0,3.0,3.0,2.0
1303,1616,7,2005,2005,7,2,834,3,1616,4066,232000,3.0,3.0,0.0,2.0
1304,1708,7,2004,2004,7,2,380,2,976,3064,130000,3.0,3.0,0.0,1.0
1305,1652,9,2006,2007,6,2,840,2,1652,4144,325000,4.0,3.0,5.0,3.0
1306,1368,7,2005,2006,6,2,474,2,1368,3210,202500,3.0,3.0,4.0,2.0
1307,990,5,1994,1995,5,1,480,2,990,2460,138000,2.0,2.0,0.0,1.0
1308,1122,5,1948,2005,6,1,528,2,1122,2574,147000,3.0,2.0,0.0,1.0
1309,1294,6,1991,1991,6,2,496,2,1294,3068,179200,3.0,2.0,0.0,2.0
1310,1902,7,1959,2002,7,2,567,2,1902,4371,335000,4.0,3.0,3.0,3.0
1311,1274,7,2005,2007,6,2,508,2,1274,3056,203000,3.0,3.0,0.0,2.0
1312,2810,8,1990,1990,9,2,750,2,1453,5013,302000,3.0,3.0,5.0,2.0
1313,2599,9,1999,1999,10,2,779,3,1422,4771,333168,3.0,3.0,3.0,3.0
1314,948,4,1954,1954,5,1,280,1,948,2176,119000,2.0,2.0,3.0,1.0
1315,2112,6,1969,1969,9,2,576,2,1092,3640,206900,2.0,2.0,4.0,1.0
1316,1630,8,2008,2008,8,2,860,3,1630,4112,295493,4.0,3.0,4.0,2.0
1317,1352,7,2006,2007,5,2,466,2,1352,3170,208900,3.0,3.0,4.0,2.0
1318,1787,8,2001,2002,7,2,748,3,1787,4288,275000,3.0,3.0,3.0,2.0
1319,948,4,1954,1954,5,1,248,1,948,2060,111000,2.0,2.0,0.0,1.0
1320,1478,6,1957,1957,6,1,442,2,1478,3398,156500,2.0,2.0,4.0,2.0
1321,720,3,1949,1950,4,1,287,1,720,1007,72500,2.0,2.0,0.0,1.0
1322,1923,7,1992,1992,8,2,564,2,1061,3237,190000,3.0,3.0,3.0,2.0
1323,708,4,1940,1950,5,1,0,0,708,1128,82500,1.0,1.0,0.0,0.0
1324,1795,8,2006,2007,7,2,895,3,1795,4485,147000,3.0,3.0,4.0,2.0
1325,796,4,1922,1950,5,1,0,0,796,1592,55000,2.0,2.0,0.0,0.0
1326,774,3,1931,2006,6,1,0,0,774,1318,79000,3.0,2.0,0.0,0.0
1327,816,5,1982,2008,5,1,264,1,816,1896,130500,3.0,3.0,5.0,1.0
1328,2792,6,1920,1950,8,2,520,2,1584,4822,256000,2.0,3.0,3.0,1.0
1329,1632,7,1998,1998,8,2,462,2,955,3029,176500,2.0,2.0,3.0,3.0
1330,1588,8,2006,2006,7,2,825,3,1588,4001,227000,3.0,3.0,4.0,2.0
1331,954,5,1976,1976,6,1,576,2,954,2441,132500,2.0,2.0,0.0,1.0
1332,816,4,1938,1958,3,1,288,1,816,1920,100000,2.0,2.0,4.0,1.0
1333,1360,5,1938,1995,6,1,297,1,803,2460,125500,3.0,2.0,0.0,1.0
1334,1365,5,1970,1970,7,1,440,2,765,2570,125000,2.0,2.0,0.0,1.0
1335,1334,6,1977,1977,6,2,630,2,1334,3314,167900,2.0,2.0,3.0,2.0
1336,1656,5,1973,1973,8,2,506,2,1656,3818,135000,2.0,2.0,0.0,1.0
1337,693,4,1941,1950,4,1,0,0,693,1386,52500,1.0,2.0,0.0,0.0
1338,1861,7,2002,2002,8,2,492,2,920,3269,200000,3.0,3.0,0.0,2.0
1339,864,5,1972,1972,5,1,288,1,864,2016,128500,2.0,2.0,0.0,2.0
1341,1114,6,2003,2004,6,1,576,2,1114,2804,155000,3.0,2.0,0.0,1.0
1342,2169,8,2002,2002,7,2,647,2,1284,4100,228500,3.0,3.0,4.0,2.0
1343,1913,6,1928,1950,9,1,342,2,1172,3151,177000,2.0,2.0,3.0,1.0
1344,1456,7,2006,2006,8,2,440,2,728,2624,155835,3.0,3.0,3.0,3.0
1345,960,4,1920,1950,5,1,308,1,960,2228,108500,1.0,2.0,0.0,1.0
1346,2156,7,1968,2003,9,2,508,2,2156,4232,262500,2.0,2.0,4.0,2.0
1347,1776,8,2006,2007,7,2,712,3,1776,4220,283463,3.0,3.0,4.0,3.0
1348,1494,7,1998,1998,5,2,514,2,1494,3490,215000,3.0,3.0,2.0,2.0
1349,2358,8,1872,1987,8,2,0,0,938,2837,122000,2.0,2.0,0.0,0.0
1351,1716,6,1962,1962,8,1,490,2,858,3064,171000,2.0,2.0,4.0,3.0
1352,1176,6,1937,2000,4,1,624,2,786,2498,134900,2.0,3.0,0.0,1.0
1354,1865,7,2000,2000,7,2,839,3,992,3696,235000,3.0,3.0,3.0,2.0
1355,1920,7,1968,1992,8,3,487,2,1222,2977,170000,3.0,2.0,3.0,2.0
1356,892,5,1966,1966,5,1,264,1,892,2020,110000,2.0,2.0,0.0,2.0
1357,1078,5,1971,2008,6,1,500,2,1078,2656,149900,2.0,2.0,2.0,3.0
1358,1573,6,2000,2000,5,2,440,2,769,2769,177500,3.0,3.0,0.0,1.0
1359,1980,9,2004,2005,8,2,770,3,1980,4730,315000,4.0,3.0,4.0,3.0
1360,2601,5,1921,1998,8,3,621,2,990,3834,189000,2.0,2.0,0.0,2.0
1361,1530,7,2005,2005,7,2,430,2,1530,3490,260000,3.0,3.0,4.0,3.0
1362,1738,4,1920,2007,7,2,368,1,1281,2821,104900,2.0,2.0,4.0,1.0
1363,1412,6,2006,2007,6,2,432,2,616,2460,156932,3.0,2.0,4.0,3.0
1364,1200,7,2005,2005,4,2,480,2,520,2200,144152,3.0,3.0,0.0,2.0
1365,1674,7,2000,2000,7,2,663,2,814,3151,216000,3.0,3.0,0.0,2.0
1366,1790,7,1999,1999,7,2,588,2,882,3251,193000,3.0,3.0,0.0,2.0
1367,1475,5,1977,1977,6,2,336,1,925,2568,127000,2.0,2.0,3.0,2.0
1368,848,6,2003,2004,4,1,420,2,848,2116,144000,3.0,3.0,0.0,3.0
1369,1668,8,2003,2003,8,2,502,2,1668,3827,232000,3.0,3.0,3.0,3.0
1370,1374,4,1920,1950,6,1,338,1,840,2552,105000,2.0,1.0,0.0,3.0
1371,1661,6,1955,1996,8,1,377,1,1661,3030,165500,3.0,2.0,3.0,2.0
1372,2097,7,1998,1998,8,2,583,2,1108,3788,274300,3.0,2.0,3.0,2.0
1373,2633,10,2001,2002,8,2,804,3,2633,6070,466500,4.0,4.0,4.0,2.0
1374,1958,7,2005,2005,9,2,936,3,1026,3920,250000,3.0,3.0,4.0,3.0
1375,1571,8,2007,2007,7,2,722,3,1571,3864,239000,3.0,3.0,4.0,3.0
1376,790,6,1930,1950,4,1,160,1,790,1718,91000,2.0,2.0,0.0,1.0
1377,1604,5,1941,1960,6,2,660,2,984,3248,117000,2.0,2.0,0.0,1.0
1378,987,6,1973,1973,5,1,264,1,483,1734,83000,2.0,2.0,0.0,1.0
1379,1394,5,2006,2007,7,2,400,2,754,2178,167500,3.0,2.0,0.0,3.0
1380,864,3,1914,1950,5,1,200,1,864,1928,58500,2.0,2.0,0.0,1.0
1381,2117,6,1970,1970,7,2,550,2,2117,3872,237500,2.0,2.0,4.0,3.0
1382,1762,7,1920,1950,8,1,576,2,998,2934,157000,3.0,2.0,0.0,1.0
1383,1416,5,1918,2007,7,2,576,2,1416,2808,112000,3.0,2.0,0.0,1.0
1384,1258,6,1939,1950,6,1,280,1,698,2098,105000,2.0,2.0,0.0,1.0
1385,1154,4,1922,2007,7,1,240,1,796,2190,125500,3.0,2.0,0.0,1.0
1387,2526,6,1916,1950,10,2,216,1,1664,3456,136000,3.0,2.0,4.0,1.0
1388,1746,9,2006,2007,7,2,758,3,1746,4250,377500,4.0,4.0,4.0,3.0
1389,1218,6,1941,1950,6,1,440,2,869,2393,131000,2.0,2.0,4.0,1.0
1390,1525,7,2000,2000,6,2,541,2,1525,3591,235000,3.0,3.0,0.0,2.0
1391,1584,5,1967,1967,8,2,792,3,1584,3960,124000,2.0,2.0,0.0,1.0
1392,900,5,1967,1967,6,1,288,1,900,2052,123000,2.0,2.0,1.0,2.0
1393,1912,6,1905,2000,7,2,672,2,1221,3066,163000,2.0,2.0,3.0,1.0
1394,1500,7,2006,2006,6,2,648,3,1500,3504,246578,3.0,3.0,4.0,3.0
1395,2482,8,2005,2006,9,2,642,3,1133,4218,281213,3.0,3.0,4.0,3.0
1396,1687,5,1948,1950,7,1,572,2,1687,3006,160000,2.0,2.0,3.0,1.0
1397,1513,5,1920,2004,8,1,180,1,939,2632,137500,2.0,2.0,0.0,1.0
1398,1904,5,1950,1982,7,1,240,1,1136,3352,138000,2.0,2.0,0.0,1.0
1399,1608,6,1925,1990,7,2,216,1,1160,2800,137450,3.0,2.0,4.0,1.0
1400,1158,6,1929,1950,5,1,208,1,950,2228,120000,2.0,2.0,4.0,2.0
1401,1593,6,2004,2004,8,2,398,2,864,2830,193000,2.0,2.0,3.0,3.0
1402,1294,7,2006,2006,6,2,662,2,1294,3242,193879,3.0,3.0,4.0,2.0
1403,1464,8,2007,2007,6,2,754,3,1464,3703,282922,3.0,3.0,0.0,1.0
1404,1214,3,1915,1950,6,1,936,3,694,2822,105000,2.0,2.0,0.0,1.0
1405,1646,8,2004,2005,5,2,482,2,1646,3722,275000,3.0,3.0,4.0,3.0
1406,768,5,1972,2007,5,1,396,2,768,1932,133000,2.0,2.0,0.0,1.0
1407,833,5,1985,1985,5,1,0,0,833,1666,112000,2.0,2.0,0.0,0.0
1408,1363,4,1910,1950,6,1,528,2,741,2513,125500,2.0,2.0,0.0,1.0
1409,2093,7,1986,1991,7,2,542,2,1236,3426,215000,2.0,2.0,3.0,3.0
1410,1840,7,2001,2001,6,2,622,2,944,3406,230000,3.0,3.0,0.0,2.0
1411,1668,6,1950,2005,6,1,271,1,1112,2795,140000,2.0,2.0,0.0,1.0
1412,1040,4,1949,1950,6,2,420,2,1040,1460,90000,2.0,2.0,0.0,1.0
1413,1844,8,2005,2006,7,2,620,2,1844,4308,257000,3.0,3.0,4.0,3.0
1414,1848,6,1923,2000,8,1,370,2,1053,3051,207000,3.0,2.0,4.0,1.0
1415,1569,7,2007,2007,7,2,660,3,1569,3615,175900,3.0,3.0,3.0,2.0
1417,2450,8,1998,1998,7,2,1069,3,1310,4803,340000,3.0,3.0,3.0,3.0
1418,1144,5,1963,1963,6,1,336,1,1144,2624,124000,2.0,2.0,0.0,1.0
1419,1844,6,1969,1969,7,2,540,2,1844,4228,223000,3.0,3.0,3.0,2.0
1420,1416,6,1968,1968,7,2,776,2,708,2900,179900,2.0,2.0,3.0,2.0
1421,1069,6,1977,1977,4,2,440,2,1069,2578,127500,2.0,2.0,2.0,2.0
1422,848,6,2003,2003,3,1,420,2,848,2116,136500,3.0,3.0,0.0,3.0
1423,2201,6,1966,1966,8,2,432,2,1575,3330,274970,3.0,3.0,4.0,1.0
1424,1344,5,1958,1983,6,1,484,1,1344,2852,144000,2.0,2.0,3.0,1.0
1425,1252,6,1959,1959,7,1,528,2,1252,3032,142000,3.0,3.0,0.0,1.0
1426,2127,7,1994,1994,5,2,525,2,1223,3875,271000,3.0,3.0,3.0,2.0
1427,1558,5,1945,1950,6,1,288,1,1048,2759,140000,2.0,2.0,3.0,1.0
1428,804,5,1940,1992,4,1,240,1,804,1832,119000,3.0,2.0,4.0,1.0
1429,1440,6,1981,1981,7,2,467,2,1440,3347,182900,3.0,3.0,3.0,3.0
1430,1838,5,2005,2005,7,2,372,2,734,2942,192140,2.0,3.0,4.0,3.0
1431,958,6,1976,1976,5,2,440,2,958,2356,143750,2.0,2.0,0.0,2.0
1432,968,4,1927,2007,5,2,216,1,968,1840,64500,2.0,2.0,0.0,1.0
1433,1792,6,2000,2000,8,2,451,2,962,3179,186500,2.0,2.0,3.0,3.0
1434,1126,5,1977,1977,5,2,484,2,1126,2736,160000,2.0,2.0,4.0,2.0
1435,1537,6,1962,2005,7,1,462,2,1537,3318,174000,3.0,3.0,4.0,2.0
1436,864,4,1971,1971,5,1,528,2,864,2256,120500,2.0,2.0,0.0,1.0
1437,1932,8,2008,2008,7,2,774,3,1932,4638,394617,4.0,4.0,4.0,3.0
1438,1236,6,1957,1996,6,1,923,2,1236,3071,149700,2.0,2.0,0.0,1.0
1439,1725,7,1979,1979,6,2,550,2,1040,2814,197000,2.0,2.0,3.0,2.0
1441,848,6,2004,2004,3,1,420,2,848,2116,149300,3.0,3.0,3.0,2.0
1442,2007,10,2008,2008,10,2,812,3,1026,3836,310000,4.0,4.0,5.0,3.0
1443,952,6,1916,1950,4,1,192,1,952,2096,121000,1.0,2.0,4.0,1.0
1444,1422,7,2004,2004,7,2,626,2,1422,3470,179600,3.0,3.0,0.0,2.0
1445,913,6,1966,1966,6,1,240,1,913,1967,129000,2.0,2.0,0.0,1.0
1446,1188,5,1962,1962,6,1,312,1,1188,2688,157900,2.0,2.0,0.0,1.0
1447,2090,8,1995,1996,8,2,556,2,1220,3866,240000,3.0,3.0,3.0,2.0
1448,1346,4,1910,2000,6,1,384,1,796,2290,112000,2.0,2.0,0.0,1.0
1449,630,5,1970,1970,3,1,0,0,630,1260,92000,4.0,2.0,0.0,0.0
1450,1792,5,1974,1974,8,2,0,0,896,2688,136000,2.0,2.0,0.0,0.0
1451,1578,8,2008,2009,7,2,840,3,1578,3991,287090,4.0,3.0,4.0,3.0
1452,1072,5,2005,2005,5,1,525,2,1072,2144,145000,2.0,2.0,0.0,3.0
1453,1140,5,2006,2006,6,1,0,0,1140,2280,84500,2.0,2.0,0.0,0.0
1454,1221,7,2004,2005,6,2,400,2,1221,2842,185000,3.0,3.0,0.0,2.0
1455,1647,6,1999,2000,7,2,460,2,953,3060,175000,2.0,2.0,3.0,2.0
1456,2073,6,1978,1988,7,2,500,2,2073,4115,210000,2.0,2.0,3.0,1.0
1457,2340,7,1941,2006,9,2,252,1,1188,3744,266500,3.0,4.0,4.0,2.0
1458,1078,5,1950,1996,5,1,240,1,1078,2396,142125,3.0,2.0,0.0,1.0
1459,1256,5,1965,1965,6,1,276,1,1256,2788,147500,2.0,3.0,0.0,3.0
